{
	"credit": "Made with Blockbench",
	"texture_size": [128, 128],
	"textures": {
		"1": "block/custom/bbq",
		"particle": "block/custom/bbq"
	},
	"elements": [
		{
			"from": [0.7, -0.3, 2.7],
			"to": [15.3, 2.3, 13.3],
			"rotation": {"angle": 0, "axis": "y", "origin": [6, 0, 8]},
			"faces": {
				"north": {"uv": [6, 3.75, 7.75, 4], "texture": "#1"},
				"east": {"uv": [4.75, 3.75, 6, 4], "texture": "#1"},
				"south": {"uv": [9, 3.75, 10.75, 4], "texture": "#1"},
				"west": {"uv": [7.75, 3.75, 9, 4], "texture": "#1"},
				"up": {"uv": [7.75, 3.75, 6, 2.5], "texture": "#1"},
				"down": {"uv": [9.5, 2.5, 7.75, 3.75], "texture": "#1"}
			}
		},
		{
			"from": [1, 2, 3],
			"to": [15, 11, 13],
			"rotation": {"angle": 0, "axis": "y", "origin": [6, 2, 8]},
			"faces": {
				"north": {"uv": [1.25, 2.625, 3, 3.75], "texture": "#1"},
				"east": {"uv": [0, 2.625, 1.25, 3.75], "texture": "#1"},
				"south": {"uv": [4.25, 2.625, 6, 3.75], "texture": "#1"},
				"west": {"uv": [3, 2.625, 4.25, 3.75], "texture": "#1"},
				"up": {"uv": [3, 2.625, 1.25, 1.375], "texture": "#1"},
				"down": {"uv": [4.75, 1.375, 3, 2.625], "texture": "#1"}
			}
		},
		{
			"from": [1, 12, 3],
			"to": [15, 15, 13],
			"rotation": {"angle": 0, "axis": "y", "origin": [6, 12, 8]},
			"faces": {
				"north": {"uv": [1.25, 5, 3, 5.375], "texture": "#1"},
				"east": {"uv": [0, 5, 1.25, 5.375], "texture": "#1"},
				"south": {"uv": [4.25, 5, 6, 5.375], "texture": "#1"},
				"west": {"uv": [3, 5, 4.25, 5.375], "texture": "#1"},
				"up": {"uv": [3, 5, 1.25, 3.75], "texture": "#1"},
				"down": {"uv": [4.75, 3.75, 3, 5], "texture": "#1"}
			}
		},
		{
			"from": [1, 15, 4],
			"to": [15, 18, 12],
			"rotation": {"angle": 0, "axis": "x", "origin": [6, 15, 7]},
			"faces": {
				"north": {"uv": [6, 5.375, 7.75, 5.75], "texture": "#1"},
				"east": {"uv": [5, 5.375, 6, 5.75], "texture": "#1"},
				"south": {"uv": [8.75, 5.375, 10.5, 5.75], "texture": "#1"},
				"west": {"uv": [7.75, 5.375, 8.75, 5.75], "texture": "#1"},
				"up": {"uv": [7.75, 5.375, 6, 4.375], "texture": "#1"},
				"down": {"uv": [9.5, 4.375, 7.75, 5.375], "texture": "#1"}
			}
		},
		{
			"from": [1, 18, 5],
			"to": [15, 19, 11],
			"rotation": {"angle": 0, "axis": "x", "origin": [6, 18, 7]},
			"faces": {
				"north": {"uv": [5.5, 2.125, 7.25, 2.25], "texture": "#1"},
				"east": {"uv": [4.75, 2.125, 5.5, 2.25], "texture": "#1"},
				"south": {"uv": [8, 2.125, 9.75, 2.25], "texture": "#1"},
				"west": {"uv": [7.25, 2.125, 8, 2.25], "texture": "#1"},
				"up": {"uv": [7.25, 2.125, 5.5, 1.375], "texture": "#1"},
				"down": {"uv": [9, 1.375, 7.25, 2.125], "texture": "#1"}
			}
		},
		{
			"from": [-6.4, 10.6, 2.6],
			"to": [22.4, 12.4, 13.4],
			"rotation": {"angle": 0, "axis": "y", "origin": [6, 11, 8]},
			"faces": {
				"north": {"uv": [1.25, 1.25, 4.75, 1.375], "texture": "#1"},
				"east": {"uv": [0, 1.25, 1.25, 1.375], "texture": "#1"},
				"south": {"uv": [6, 1.25, 9.5, 1.375], "texture": "#1"},
				"west": {"uv": [4.75, 1.25, 6, 1.375], "texture": "#1"},
				"up": {"uv": [4.75, 1.25, 1.25, 0], "texture": "#1"},
				"down": {"uv": [8.25, 0, 4.75, 1.25], "texture": "#1"}
			}
		},
		{
			"from": [10, 13, 1],
			"to": [11, 14, 3],
			"rotation": {"angle": 0, "axis": "y", "origin": [10, 13, 1]},
			"faces": {
				"north": {"uv": [0.25, 0.5, 0.375, 0.625], "texture": "#1"},
				"east": {"uv": [0, 0.5, 0.25, 0.625], "texture": "#1"},
				"south": {"uv": [0.625, 0.5, 0.75, 0.625], "texture": "#1"},
				"west": {"uv": [0.375, 0.5, 0.625, 0.625], "texture": "#1"},
				"up": {"uv": [0.375, 0.5, 0.25, 0.25], "texture": "#1"},
				"down": {"uv": [0.5, 0.25, 0.375, 0.5], "texture": "#1"}
			}
		},
		{
			"from": [5, 13, 1],
			"to": [6, 14, 3],
			"rotation": {"angle": 0, "axis": "y", "origin": [5, 13, 1]},
			"faces": {
				"north": {"uv": [0.25, 0.5, 0.375, 0.625], "texture": "#1"},
				"east": {"uv": [0, 0.5, 0.25, 0.625], "texture": "#1"},
				"south": {"uv": [0.625, 0.5, 0.75, 0.625], "texture": "#1"},
				"west": {"uv": [0.375, 0.5, 0.625, 0.625], "texture": "#1"},
				"up": {"uv": [0.375, 0.5, 0.25, 0.25], "texture": "#1"},
				"down": {"uv": [0.5, 0.25, 0.375, 0.5], "texture": "#1"}
			}
		},
		{
			"from": [6, 13, 1],
			"to": [10, 14, 2],
			"rotation": {"angle": 0, "axis": "y", "origin": [9, 13, 1]},
			"faces": {
				"north": {"uv": [0.125, 0.125, 0.625, 0.25], "texture": "#1"},
				"east": {"uv": [0, 0.125, 0.125, 0.25], "texture": "#1"},
				"south": {"uv": [0.75, 0.125, 1.25, 0.25], "texture": "#1"},
				"west": {"uv": [0.625, 0.125, 0.75, 0.25], "texture": "#1"},
				"up": {"uv": [0.625, 0.125, 0.125, 0], "texture": "#1"},
				"down": {"uv": [1.125, 0, 0.625, 0.125], "texture": "#1"}
			}
		}
	],
	"display": {
		"thirdperson_righthand": {
			"scale": [0.33, 0.33, 0.33]
		},
		"ground": {
			"scale": [0.6, 0.6, 0.6]
		},
		"gui": {
			"rotation": [1, -145, 0],
			"scale": [0.75, 0.75, 0.75]
		},
		"fixed": {
			"rotation": [-90, 0, 0],
			"translation": [0, 0, -21.25],
			"scale": [2.8, 2.8, 2.8]
		}
	}
}
