{
	"credit": "Made with Blockbench",
	"texture_size": [128, 128],
	"textures": {
		"0": "block/custom/cactushat",
	},
	"elements": [
		{
			"from": [19, 12, 2],
			"to": [21, 14, 3],
			"rotation": {"angle": 0, "axis": "y", "origin": [19, 12, 1]},
			"faces": {
				"north": {"uv": [5, 2, 5.25, 2.25], "texture": "#0"},
				"east": {"uv": [5, 2.25, 5.25, 2.5], "texture": "#0"},
				"south": {"uv": [5, 2.5, 5.25, 2.75], "texture": "#0"},
				"west": {"uv": [5, 2.75, 5.25, 3], "texture": "#0"},
				"up": {"uv": [5.25, 3.25, 5, 3], "texture": "#0"},
				"down": {"uv": [0.25, 6.5, 0, 6.75], "texture": "#0"}
			}
		},
		{
			"from": [0, 0, 0],
			"to": [16, 1, 16],
			"faces": {
				"north": {"uv": [3.75, 10.875, 5.75, 11], "texture": "#0"},
				"east": {"uv": [11, 0, 13, 0.125], "texture": "#0"},
				"south": {"uv": [11, 0.125, 13, 0.25], "texture": "#0"},
				"west": {"uv": [11, 0.25, 13, 0.375], "texture": "#0"},
				"up": {"uv": [3.25, 5.25, 1.25, 3.25], "texture": "#0"},
				"down": {"uv": [5.25, 3.25, 3.25, 5.25], "texture": "#0"}
			}
		},
		{
			"from": [0, 3, 16],
			"to": [16, 4, 32],
			"rotation": {"angle": 0, "axis": "y", "origin": [0, 3, 16]},
			"faces": {
				"north": {"uv": [11, 0.375, 13, 0.5], "texture": "#0"},
				"east": {"uv": [11, 0.5, 13, 0.625], "texture": "#0"},
				"south": {"uv": [11, 0.625, 13, 0.75], "texture": "#0"},
				"west": {"uv": [11, 0.75, 13, 0.875], "texture": "#0"},
				"up": {"uv": [5.75, 2, 3.75, 0], "texture": "#0"},
				"down": {"uv": [3.25, 5.25, 1.25, 7.25], "texture": "#0"}
			}
		},
		{
			"from": [0, 3, -16],
			"to": [16, 4, 0],
			"rotation": {"angle": 0, "axis": "y", "origin": [0, 3, -16]},
			"faces": {
				"north": {"uv": [11, 0.875, 13, 1], "texture": "#0"},
				"east": {"uv": [11, 1, 13, 1.125], "texture": "#0"},
				"south": {"uv": [11, 1.125, 13, 1.25], "texture": "#0"},
				"west": {"uv": [11, 1.25, 13, 1.375], "texture": "#0"},
				"up": {"uv": [7.25, 4, 5.25, 2], "texture": "#0"},
				"down": {"uv": [5.25, 5.25, 3.25, 7.25], "texture": "#0"}
			}
		},
		{
			"from": [16, 5, 0],
			"to": [32, 6, 16],
			"rotation": {"angle": 0, "axis": "y", "origin": [16, 5, 0]},
			"faces": {
				"north": {"uv": [11, 1.375, 13, 1.5], "texture": "#0"},
				"east": {"uv": [11, 1.5, 13, 1.625], "texture": "#0"},
				"south": {"uv": [11, 1.625, 13, 1.75], "texture": "#0"},
				"west": {"uv": [11, 1.75, 13, 1.875], "texture": "#0"},
				"up": {"uv": [7.25, 6, 5.25, 4], "texture": "#0"},
				"down": {"uv": [7.75, 0, 5.75, 2], "texture": "#0"}
			}
		},
		{
			"from": [-16, 5, 0],
			"to": [0, 6, 16],
			"rotation": {"angle": 0, "axis": "y", "origin": [-16, 5, 0]},
			"faces": {
				"north": {"uv": [11, 1.875, 13, 2], "texture": "#0"},
				"east": {"uv": [11, 2, 13, 2.125], "texture": "#0"},
				"south": {"uv": [11, 2.125, 13, 2.25], "texture": "#0"},
				"west": {"uv": [11, 2.25, 13, 2.375], "texture": "#0"},
				"up": {"uv": [7.25, 8, 5.25, 6], "texture": "#0"},
				"down": {"uv": [2, 7.25, 0, 9.25], "texture": "#0"}
			}
		},
		{
			"from": [3, 4, -13],
			"to": [13, 27, -3],
			"rotation": {"angle": 0, "axis": "y", "origin": [3, 4, -14]},
			"faces": {
				"north": {"uv": [2, 7.25, 3.25, 10.125], "texture": "#0"},
				"east": {"uv": [7.25, 2, 8.5, 4.875], "texture": "#0"},
				"south": {"uv": [3.25, 7.25, 4.5, 10.125], "texture": "#0"},
				"west": {"uv": [7.25, 4.875, 8.5, 7.75], "texture": "#0"},
				"up": {"uv": [5, 3.25, 3.75, 2], "texture": "#0"},
				"down": {"uv": [11, 4.875, 9.75, 6.125], "texture": "#0"}
			}
		},
		{
			"from": [3, 4, 19],
			"to": [13, 27, 29],
			"rotation": {"angle": 0, "axis": "y", "origin": [3, 4, 18]},
			"faces": {
				"north": {"uv": [7.25, 7.75, 8.5, 10.625], "texture": "#0"},
				"east": {"uv": [4.5, 8, 5.75, 10.875], "texture": "#0"},
				"south": {"uv": [5.75, 8, 7, 10.875], "texture": "#0"},
				"west": {"uv": [8.5, 0, 9.75, 2.875], "texture": "#0"},
				"up": {"uv": [11, 7.375, 9.75, 6.125], "texture": "#0"},
				"down": {"uv": [11, 7.375, 9.75, 8.625], "texture": "#0"}
			}
		},
		{
			"from": [3, 1, 3],
			"to": [13, 17, 13],
			"rotation": {"angle": 0, "axis": "y", "origin": [3, 1, 2]},
			"faces": {
				"north": {"uv": [8.5, 2.875, 9.75, 4.875], "texture": "#0"},
				"east": {"uv": [8.5, 4.875, 9.75, 6.875], "texture": "#0"},
				"south": {"uv": [8.5, 6.875, 9.75, 8.875], "texture": "#0"},
				"west": {"uv": [8.5, 8.875, 9.75, 10.875], "texture": "#0"},
				"up": {"uv": [11, 9.875, 9.75, 8.625], "texture": "#0"},
				"down": {"uv": [11, 9.875, 9.75, 11.125], "texture": "#0"}
			}
		},
		{
			"from": [18, 6, 3],
			"to": [28, 32, 13],
			"rotation": {"angle": 0, "axis": "y", "origin": [18, 6, 2]},
			"faces": {
				"north": {"uv": [0, 0, 1.25, 3.25], "texture": "#0"},
				"east": {"uv": [1.25, 0, 2.5, 3.25], "texture": "#0"},
				"south": {"uv": [2.5, 0, 3.75, 3.25], "texture": "#0"},
				"west": {"uv": [0, 3.25, 1.25, 6.5], "texture": "#0"},
				"up": {"uv": [2.5, 11.375, 1.25, 10.125], "texture": "#0"},
				"down": {"uv": [3.75, 10.125, 2.5, 11.375], "texture": "#0"}
			}
		},
		{
			"from": [-14, 6, 3],
			"to": [-4, 19, 13],
			"rotation": {"angle": 0, "axis": "y", "origin": [-14, 6, 2]},
			"faces": {
				"north": {"uv": [0, 9.25, 1.25, 10.875], "texture": "#0"},
				"east": {"uv": [9.75, 0, 11, 1.625], "texture": "#0"},
				"south": {"uv": [9.75, 1.625, 11, 3.25], "texture": "#0"},
				"west": {"uv": [9.75, 3.25, 11, 4.875], "texture": "#0"},
				"up": {"uv": [8.25, 11.875, 7, 10.625], "texture": "#0"},
				"down": {"uv": [1.25, 10.875, 0, 12.125], "texture": "#0"}
			}
		},
		{
			"from": [7, 9, 2],
			"to": [9, 11, 3],
			"rotation": {"angle": 0, "axis": "y", "origin": [7, 9, 1]},
			"faces": {
				"north": {"uv": [0.25, 6.5, 0.5, 6.75], "texture": "#0"},
				"east": {"uv": [0.5, 6.5, 0.75, 6.75], "texture": "#0"},
				"south": {"uv": [0.75, 6.5, 1, 6.75], "texture": "#0"},
				"west": {"uv": [1, 6.5, 1.25, 6.75], "texture": "#0"},
				"up": {"uv": [0.25, 7, 0, 6.75], "texture": "#0"},
				"down": {"uv": [0.5, 6.75, 0.25, 7], "texture": "#0"}
			}
		},
		{
			"from": [3, 14, 2],
			"to": [5, 16, 3],
			"rotation": {"angle": 0, "axis": "y", "origin": [3, 14, 1]},
			"faces": {
				"north": {"uv": [0.5, 6.75, 0.75, 7], "texture": "#0"},
				"east": {"uv": [0.75, 6.75, 1, 7], "texture": "#0"},
				"south": {"uv": [1, 6.75, 1.25, 7], "texture": "#0"},
				"west": {"uv": [0, 7, 0.25, 7.25], "texture": "#0"},
				"up": {"uv": [0.5, 7.25, 0.25, 7], "texture": "#0"},
				"down": {"uv": [0.75, 7, 0.5, 7.25], "texture": "#0"}
			}
		},
		{
			"from": [2, 11, 4],
			"to": [3, 13, 6],
			"rotation": {"angle": 0, "axis": "y", "origin": [1, 11, 4]},
			"faces": {
				"north": {"uv": [0.75, 7, 1, 7.25], "texture": "#0"},
				"east": {"uv": [1, 7, 1.25, 7.25], "texture": "#0"},
				"south": {"uv": [4.5, 7.25, 4.75, 7.5], "texture": "#0"},
				"west": {"uv": [4.75, 7.25, 5, 7.5], "texture": "#0"},
				"up": {"uv": [5.25, 7.5, 5, 7.25], "texture": "#0"},
				"down": {"uv": [4.75, 7.5, 4.5, 7.75], "texture": "#0"}
			}
		},
		{
			"from": [2, 7, 10],
			"to": [3, 9, 12],
			"rotation": {"angle": 0, "axis": "y", "origin": [1, 7, 10]},
			"faces": {
				"north": {"uv": [4.75, 7.5, 5, 7.75], "texture": "#0"},
				"east": {"uv": [5, 7.5, 5.25, 7.75], "texture": "#0"},
				"south": {"uv": [7.75, 0, 8, 0.25], "texture": "#0"},
				"west": {"uv": [7.75, 0.25, 8, 0.5], "texture": "#0"},
				"up": {"uv": [8, 0.75, 7.75, 0.5], "texture": "#0"},
				"down": {"uv": [8, 0.75, 7.75, 1], "texture": "#0"}
			}
		},
		{
			"from": [4, 10, 13],
			"to": [6, 12, 14],
			"rotation": {"angle": 0, "axis": "y", "origin": [4, 10, 13]},
			"faces": {
				"north": {"uv": [7.75, 1, 8, 1.25], "texture": "#0"},
				"east": {"uv": [7.75, 1.25, 8, 1.5], "texture": "#0"},
				"south": {"uv": [7.75, 1.5, 8, 1.75], "texture": "#0"},
				"west": {"uv": [7.75, 1.75, 8, 2], "texture": "#0"},
				"up": {"uv": [4.75, 8, 4.5, 7.75], "texture": "#0"},
				"down": {"uv": [5, 7.75, 4.75, 8], "texture": "#0"}
			}
		},
		{
			"from": [9, 5, 13],
			"to": [11, 7, 14],
			"rotation": {"angle": 0, "axis": "y", "origin": [9, 5, 13]},
			"faces": {
				"north": {"uv": [5, 7.75, 5.25, 8], "texture": "#0"},
				"east": {"uv": [8, 0, 8.25, 0.25], "texture": "#0"},
				"south": {"uv": [8, 0.25, 8.25, 0.5], "texture": "#0"},
				"west": {"uv": [8, 0.5, 8.25, 0.75], "texture": "#0"},
				"up": {"uv": [8.25, 1, 8, 0.75], "texture": "#0"},
				"down": {"uv": [8.25, 1, 8, 1.25], "texture": "#0"}
			}
		},
		{
			"from": [13, 8, 10],
			"to": [14, 10, 12],
			"rotation": {"angle": 0, "axis": "y", "origin": [13, 8, 10]},
			"faces": {
				"north": {"uv": [8, 1.25, 8.25, 1.5], "texture": "#0"},
				"east": {"uv": [8, 1.5, 8.25, 1.75], "texture": "#0"},
				"south": {"uv": [8, 1.75, 8.25, 2], "texture": "#0"},
				"west": {"uv": [7, 8, 7.25, 8.25], "texture": "#0"},
				"up": {"uv": [8.5, 0.25, 8.25, 0], "texture": "#0"},
				"down": {"uv": [8.5, 0.25, 8.25, 0.5], "texture": "#0"}
			}
		},
		{
			"from": [13, 12, 5],
			"to": [14, 14, 7],
			"rotation": {"angle": 0, "axis": "y", "origin": [13, 12, 5]},
			"faces": {
				"north": {"uv": [8.25, 0.5, 8.5, 0.75], "texture": "#0"},
				"east": {"uv": [8.25, 0.75, 8.5, 1], "texture": "#0"},
				"south": {"uv": [8.25, 1, 8.5, 1.25], "texture": "#0"},
				"west": {"uv": [8.25, 1.25, 8.5, 1.5], "texture": "#0"},
				"up": {"uv": [8.5, 1.75, 8.25, 1.5], "texture": "#0"},
				"down": {"uv": [8.5, 1.75, 8.25, 2], "texture": "#0"}
			}
		},
		{
			"from": [2, 6, 23],
			"to": [3, 8, 25],
			"rotation": {"angle": 0, "axis": "y", "origin": [1, 6, 23]},
			"faces": {
				"north": {"uv": [7, 8.25, 7.25, 8.5], "texture": "#0"},
				"east": {"uv": [7, 8.5, 7.25, 8.75], "texture": "#0"},
				"south": {"uv": [7, 8.75, 7.25, 9], "texture": "#0"},
				"west": {"uv": [7, 9, 7.25, 9.25], "texture": "#0"},
				"up": {"uv": [1.5, 9.5, 1.25, 9.25], "texture": "#0"},
				"down": {"uv": [1.75, 9.25, 1.5, 9.5], "texture": "#0"}
			}
		},
		{
			"from": [2, 19, 25],
			"to": [3, 21, 27],
			"rotation": {"angle": 0, "axis": "y", "origin": [1, 19, 25]},
			"faces": {
				"north": {"uv": [1.75, 9.25, 2, 9.5], "texture": "#0"},
				"east": {"uv": [7, 9.25, 7.25, 9.5], "texture": "#0"},
				"south": {"uv": [1.25, 9.5, 1.5, 9.75], "texture": "#0"},
				"west": {"uv": [1.5, 9.5, 1.75, 9.75], "texture": "#0"},
				"up": {"uv": [2, 9.75, 1.75, 9.5], "texture": "#0"},
				"down": {"uv": [7.25, 9.5, 7, 9.75], "texture": "#0"}
			}
		},
		{
			"from": [8, 9, 29],
			"to": [10, 11, 30],
			"rotation": {"angle": 0, "axis": "y", "origin": [8, 9, 29]},
			"faces": {
				"north": {"uv": [1.25, 9.75, 1.5, 10], "texture": "#0"},
				"east": {"uv": [1.5, 9.75, 1.75, 10], "texture": "#0"},
				"south": {"uv": [1.75, 9.75, 2, 10], "texture": "#0"},
				"west": {"uv": [7, 9.75, 7.25, 10], "texture": "#0"},
				"up": {"uv": [7.25, 10.25, 7, 10], "texture": "#0"},
				"down": {"uv": [4, 10.125, 3.75, 10.375], "texture": "#0"}
			}
		},
		{
			"from": [13, 11, 25],
			"to": [14, 13, 27],
			"rotation": {"angle": 0, "axis": "y", "origin": [13, 11, 25]},
			"faces": {
				"north": {"uv": [4, 10.125, 4.25, 10.375], "texture": "#0"},
				"east": {"uv": [4.25, 10.125, 4.5, 10.375], "texture": "#0"},
				"south": {"uv": [7, 10.25, 7.25, 10.5], "texture": "#0"},
				"west": {"uv": [3.75, 10.375, 4, 10.625], "texture": "#0"},
				"up": {"uv": [4.25, 10.625, 4, 10.375], "texture": "#0"},
				"down": {"uv": [4.5, 10.375, 4.25, 10.625], "texture": "#0"}
			}
		},
		{
			"from": [13, 17, 22],
			"to": [14, 19, 24],
			"rotation": {"angle": 0, "axis": "y", "origin": [13, 17, 22]},
			"faces": {
				"north": {"uv": [3.75, 10.625, 4, 10.875], "texture": "#0"},
				"east": {"uv": [4, 10.625, 4.25, 10.875], "texture": "#0"},
				"south": {"uv": [4.25, 10.625, 4.5, 10.875], "texture": "#0"},
				"west": {"uv": [8.25, 10.625, 8.5, 10.875], "texture": "#0"},
				"up": {"uv": [6, 11.125, 5.75, 10.875], "texture": "#0"},
				"down": {"uv": [6.25, 10.875, 6, 11.125], "texture": "#0"}
			}
		},
		{
			"from": [10, 20, 18],
			"to": [12, 22, 19],
			"rotation": {"angle": 0, "axis": "y", "origin": [10, 20, 17]},
			"faces": {
				"north": {"uv": [6.25, 10.875, 6.5, 11.125], "texture": "#0"},
				"east": {"uv": [6.5, 10.875, 6.75, 11.125], "texture": "#0"},
				"south": {"uv": [6.75, 10.875, 7, 11.125], "texture": "#0"},
				"west": {"uv": [8.25, 10.875, 8.5, 11.125], "texture": "#0"},
				"up": {"uv": [8.75, 11.125, 8.5, 10.875], "texture": "#0"},
				"down": {"uv": [9, 10.875, 8.75, 11.125], "texture": "#0"}
			}
		},
		{
			"from": [5, 11, 18],
			"to": [7, 13, 19],
			"rotation": {"angle": 0, "axis": "y", "origin": [5, 11, 17]},
			"faces": {
				"north": {"uv": [9, 10.875, 9.25, 11.125], "texture": "#0"},
				"east": {"uv": [9.25, 10.875, 9.5, 11.125], "texture": "#0"},
				"south": {"uv": [9.5, 10.875, 9.75, 11.125], "texture": "#0"},
				"west": {"uv": [11, 2.375, 11.25, 2.625], "texture": "#0"},
				"up": {"uv": [11.25, 2.875, 11, 2.625], "texture": "#0"},
				"down": {"uv": [11.25, 2.875, 11, 3.125], "texture": "#0"}
			}
		},
		{
			"from": [10, 21, 29],
			"to": [12, 23, 30],
			"rotation": {"angle": 0, "axis": "y", "origin": [10, 21, 29]},
			"faces": {
				"north": {"uv": [11, 3.125, 11.25, 3.375], "texture": "#0"},
				"east": {"uv": [11, 3.375, 11.25, 3.625], "texture": "#0"},
				"south": {"uv": [11, 3.625, 11.25, 3.875], "texture": "#0"},
				"west": {"uv": [3.75, 11, 4, 11.25], "texture": "#0"},
				"up": {"uv": [11.25, 4.125, 11, 3.875], "texture": "#0"},
				"down": {"uv": [4.25, 11, 4, 11.25], "texture": "#0"}
			}
		},
		{
			"from": [13, 7, -7],
			"to": [14, 9, -5],
			"rotation": {"angle": 0, "axis": "y", "origin": [13, 7, -7]},
			"faces": {
				"north": {"uv": [11, 4.125, 11.25, 4.375], "texture": "#0"},
				"east": {"uv": [4.25, 11, 4.5, 11.25], "texture": "#0"},
				"south": {"uv": [11, 4.375, 11.25, 4.625], "texture": "#0"},
				"west": {"uv": [4.5, 11, 4.75, 11.25], "texture": "#0"},
				"up": {"uv": [11.25, 4.875, 11, 4.625], "texture": "#0"},
				"down": {"uv": [5, 11, 4.75, 11.25], "texture": "#0"}
			}
		},
		{
			"from": [13, 19, -11],
			"to": [14, 21, -9],
			"rotation": {"angle": 0, "axis": "y", "origin": [13, 19, -11]},
			"faces": {
				"north": {"uv": [11, 4.875, 11.25, 5.125], "texture": "#0"},
				"east": {"uv": [5, 11, 5.25, 11.25], "texture": "#0"},
				"south": {"uv": [11, 5.125, 11.25, 5.375], "texture": "#0"},
				"west": {"uv": [5.25, 11, 5.5, 11.25], "texture": "#0"},
				"up": {"uv": [11.25, 5.625, 11, 5.375], "texture": "#0"},
				"down": {"uv": [5.75, 11, 5.5, 11.25], "texture": "#0"}
			}
		},
		{
			"from": [9, 22, -14],
			"to": [11, 24, -13],
			"rotation": {"angle": 0, "axis": "y", "origin": [9, 22, -15]},
			"faces": {
				"north": {"uv": [11, 5.625, 11.25, 5.875], "texture": "#0"},
				"east": {"uv": [11, 5.875, 11.25, 6.125], "texture": "#0"},
				"south": {"uv": [11, 6.125, 11.25, 6.375], "texture": "#0"},
				"west": {"uv": [11, 6.375, 11.25, 6.625], "texture": "#0"},
				"up": {"uv": [11.25, 6.875, 11, 6.625], "texture": "#0"},
				"down": {"uv": [11.25, 6.875, 11, 7.125], "texture": "#0"}
			}
		},
		{
			"from": [6, 11, -14],
			"to": [8, 13, -13],
			"rotation": {"angle": 0, "axis": "y", "origin": [6, 11, -15]},
			"faces": {
				"north": {"uv": [11, 7.125, 11.25, 7.375], "texture": "#0"},
				"east": {"uv": [11, 7.375, 11.25, 7.625], "texture": "#0"},
				"south": {"uv": [11, 7.625, 11.25, 7.875], "texture": "#0"},
				"west": {"uv": [11, 7.875, 11.25, 8.125], "texture": "#0"},
				"up": {"uv": [11.25, 8.375, 11, 8.125], "texture": "#0"},
				"down": {"uv": [11.25, 8.375, 11, 8.625], "texture": "#0"}
			}
		},
		{
			"from": [2, 7, -11],
			"to": [3, 9, -9],
			"rotation": {"angle": 0, "axis": "y", "origin": [1, 7, -11]},
			"faces": {
				"north": {"uv": [11, 8.625, 11.25, 8.875], "texture": "#0"},
				"east": {"uv": [11, 8.875, 11.25, 9.125], "texture": "#0"},
				"south": {"uv": [11, 9.125, 11.25, 9.375], "texture": "#0"},
				"west": {"uv": [11, 9.375, 11.25, 9.625], "texture": "#0"},
				"up": {"uv": [11.25, 9.875, 11, 9.625], "texture": "#0"},
				"down": {"uv": [11.25, 9.875, 11, 10.125], "texture": "#0"}
			}
		},
		{
			"from": [2, 18, -8],
			"to": [3, 20, -6],
			"rotation": {"angle": 0, "axis": "y", "origin": [1, 18, -8]},
			"faces": {
				"north": {"uv": [11, 10.125, 11.25, 10.375], "texture": "#0"},
				"east": {"uv": [11, 10.375, 11.25, 10.625], "texture": "#0"},
				"south": {"uv": [11, 10.625, 11.25, 10.875], "texture": "#0"},
				"west": {"uv": [11, 10.875, 11.25, 11.125], "texture": "#0"},
				"up": {"uv": [6, 11.375, 5.75, 11.125], "texture": "#0"},
				"down": {"uv": [6.25, 11.125, 6, 11.375], "texture": "#0"}
			}
		},
		{
			"from": [6, 21, -3],
			"to": [8, 23, -2],
			"rotation": {"angle": 0, "axis": "y", "origin": [6, 21, -3]},
			"faces": {
				"north": {"uv": [6.25, 11.125, 6.5, 11.375], "texture": "#0"},
				"east": {"uv": [6.5, 11.125, 6.75, 11.375], "texture": "#0"},
				"south": {"uv": [6.75, 11.125, 7, 11.375], "texture": "#0"},
				"west": {"uv": [8.25, 11.125, 8.5, 11.375], "texture": "#0"},
				"up": {"uv": [8.75, 11.375, 8.5, 11.125], "texture": "#0"},
				"down": {"uv": [9, 11.125, 8.75, 11.375], "texture": "#0"}
			}
		},
		{
			"from": [8, 12, -3],
			"to": [10, 14, -2],
			"rotation": {"angle": 0, "axis": "y", "origin": [8, 12, -3]},
			"faces": {
				"north": {"uv": [9, 11.125, 9.25, 11.375], "texture": "#0"},
				"east": {"uv": [9.25, 11.125, 9.5, 11.375], "texture": "#0"},
				"south": {"uv": [9.5, 11.125, 9.75, 11.375], "texture": "#0"},
				"west": {"uv": [9.75, 11.125, 10, 11.375], "texture": "#0"},
				"up": {"uv": [10.25, 11.375, 10, 11.125], "texture": "#0"},
				"down": {"uv": [10.5, 11.125, 10.25, 11.375], "texture": "#0"}
			}
		},
		{
			"from": [-11, 7, 2],
			"to": [-9, 9, 3],
			"rotation": {"angle": 0, "axis": "y", "origin": [-11, 7, 1]},
			"faces": {
				"north": {"uv": [10.5, 11.125, 10.75, 11.375], "texture": "#0"},
				"east": {"uv": [10.75, 11.125, 11, 11.375], "texture": "#0"},
				"south": {"uv": [11, 11.125, 11.25, 11.375], "texture": "#0"},
				"west": {"uv": [11.25, 2.375, 11.5, 2.625], "texture": "#0"},
				"up": {"uv": [11.5, 2.875, 11.25, 2.625], "texture": "#0"},
				"down": {"uv": [11.5, 2.875, 11.25, 3.125], "texture": "#0"}
			}
		},
		{
			"from": [-9, 14, 2],
			"to": [-7, 16, 3],
			"rotation": {"angle": 0, "axis": "y", "origin": [-9, 14, 1]},
			"faces": {
				"north": {"uv": [11.25, 3.125, 11.5, 3.375], "texture": "#0"},
				"east": {"uv": [11.25, 3.375, 11.5, 3.625], "texture": "#0"},
				"south": {"uv": [11.25, 3.625, 11.5, 3.875], "texture": "#0"},
				"west": {"uv": [3.75, 11.25, 4, 11.5], "texture": "#0"},
				"up": {"uv": [11.5, 4.125, 11.25, 3.875], "texture": "#0"},
				"down": {"uv": [4.25, 11.25, 4, 11.5], "texture": "#0"}
			}
		},
		{
			"from": [-15, 14, 9],
			"to": [-14, 16, 11],
			"rotation": {"angle": 0, "axis": "y", "origin": [-16, 14, 9]},
			"faces": {
				"north": {"uv": [11.25, 4.125, 11.5, 4.375], "texture": "#0"},
				"east": {"uv": [4.25, 11.25, 4.5, 11.5], "texture": "#0"},
				"south": {"uv": [11.25, 4.375, 11.5, 4.625], "texture": "#0"},
				"west": {"uv": [4.5, 11.25, 4.75, 11.5], "texture": "#0"},
				"up": {"uv": [11.5, 4.875, 11.25, 4.625], "texture": "#0"},
				"down": {"uv": [5, 11.25, 4.75, 11.5], "texture": "#0"}
			}
		},
		{
			"from": [-15, 10, 6],
			"to": [-14, 12, 8],
			"rotation": {"angle": 0, "axis": "y", "origin": [-16, 10, 6]},
			"faces": {
				"north": {"uv": [11.25, 4.875, 11.5, 5.125], "texture": "#0"},
				"east": {"uv": [5, 11.25, 5.25, 11.5], "texture": "#0"},
				"south": {"uv": [11.25, 5.125, 11.5, 5.375], "texture": "#0"},
				"west": {"uv": [5.25, 11.25, 5.5, 11.5], "texture": "#0"},
				"up": {"uv": [11.5, 5.625, 11.25, 5.375], "texture": "#0"},
				"down": {"uv": [5.75, 11.25, 5.5, 11.5], "texture": "#0"}
			}
		},
		{
			"from": [-12, 9, 13],
			"to": [-10, 11, 14],
			"rotation": {"angle": 0, "axis": "y", "origin": [-12, 9, 13]},
			"faces": {
				"north": {"uv": [11.25, 5.625, 11.5, 5.875], "texture": "#0"},
				"east": {"uv": [11.25, 5.875, 11.5, 6.125], "texture": "#0"},
				"south": {"uv": [11.25, 6.125, 11.5, 6.375], "texture": "#0"},
				"west": {"uv": [11.25, 6.375, 11.5, 6.625], "texture": "#0"},
				"up": {"uv": [11.5, 6.875, 11.25, 6.625], "texture": "#0"},
				"down": {"uv": [11.5, 6.875, 11.25, 7.125], "texture": "#0"}
			}
		},
		{
			"from": [-10, 14, 13],
			"to": [-8, 16, 14],
			"rotation": {"angle": 0, "axis": "y", "origin": [-10, 14, 13]},
			"faces": {
				"north": {"uv": [11.25, 7.125, 11.5, 7.375], "texture": "#0"},
				"east": {"uv": [11.25, 7.375, 11.5, 7.625], "texture": "#0"},
				"south": {"uv": [11.25, 7.625, 11.5, 7.875], "texture": "#0"},
				"west": {"uv": [11.25, 7.875, 11.5, 8.125], "texture": "#0"},
				"up": {"uv": [11.5, 8.375, 11.25, 8.125], "texture": "#0"},
				"down": {"uv": [11.5, 8.375, 11.25, 8.625], "texture": "#0"}
			}
		},
		{
			"from": [-4, 16, 10],
			"to": [-3, 18, 12],
			"rotation": {"angle": 0, "axis": "y", "origin": [-4, 16, 10]},
			"faces": {
				"north": {"uv": [11.25, 8.625, 11.5, 8.875], "texture": "#0"},
				"east": {"uv": [11.25, 8.875, 11.5, 9.125], "texture": "#0"},
				"south": {"uv": [11.25, 9.125, 11.5, 9.375], "texture": "#0"},
				"west": {"uv": [11.25, 9.375, 11.5, 9.625], "texture": "#0"},
				"up": {"uv": [11.5, 9.875, 11.25, 9.625], "texture": "#0"},
				"down": {"uv": [11.5, 9.875, 11.25, 10.125], "texture": "#0"}
			}
		},
		{
			"from": [-4, 11, 5],
			"to": [-3, 13, 7],
			"rotation": {"angle": 0, "axis": "y", "origin": [-4, 11, 5]},
			"faces": {
				"north": {"uv": [11.25, 10.125, 11.5, 10.375], "texture": "#0"},
				"east": {"uv": [11.25, 10.375, 11.5, 10.625], "texture": "#0"},
				"south": {"uv": [11.25, 10.625, 11.5, 10.875], "texture": "#0"},
				"west": {"uv": [11.25, 10.875, 11.5, 11.125], "texture": "#0"},
				"up": {"uv": [11.5, 11.375, 11.25, 11.125], "texture": "#0"},
				"down": {"uv": [1.5, 11.375, 1.25, 11.625], "texture": "#0"}
			}
		},
		{
			"from": [19, 7, 13],
			"to": [21, 9, 15],
			"rotation": {"angle": 0, "axis": "y", "origin": [19, 7, 13]},
			"faces": {
				"north": {"uv": [1.5, 11.375, 1.75, 11.625], "texture": "#0"},
				"east": {"uv": [1.75, 11.375, 2, 11.625], "texture": "#0"},
				"south": {"uv": [2, 11.375, 2.25, 11.625], "texture": "#0"},
				"west": {"uv": [2.25, 11.375, 2.5, 11.625], "texture": "#0"},
				"up": {"uv": [2.75, 11.625, 2.5, 11.375], "texture": "#0"},
				"down": {"uv": [3, 11.375, 2.75, 11.625], "texture": "#0"}
			}
		},
		{
			"from": [25, 20, 13],
			"to": [27, 22, 14],
			"rotation": {"angle": 0, "axis": "y", "origin": [25, 20, 13]},
			"faces": {
				"north": {"uv": [3, 11.375, 3.25, 11.625], "texture": "#0"},
				"east": {"uv": [3.25, 11.375, 3.5, 11.625], "texture": "#0"},
				"south": {"uv": [3.5, 11.375, 3.75, 11.625], "texture": "#0"},
				"west": {"uv": [5.75, 11.375, 6, 11.625], "texture": "#0"},
				"up": {"uv": [6.25, 11.625, 6, 11.375], "texture": "#0"},
				"down": {"uv": [6.5, 11.375, 6.25, 11.625], "texture": "#0"}
			}
		},
		{
			"from": [28, 15, 10],
			"to": [29, 17, 12],
			"rotation": {"angle": 0, "axis": "y", "origin": [28, 15, 10]},
			"faces": {
				"north": {"uv": [6.5, 11.375, 6.75, 11.625], "texture": "#0"},
				"east": {"uv": [6.75, 11.375, 7, 11.625], "texture": "#0"},
				"south": {"uv": [8.25, 11.375, 8.5, 11.625], "texture": "#0"},
				"west": {"uv": [8.5, 11.375, 8.75, 11.625], "texture": "#0"},
				"up": {"uv": [9, 11.625, 8.75, 11.375], "texture": "#0"},
				"down": {"uv": [9.25, 11.375, 9, 11.625], "texture": "#0"}
			}
		},
		{
			"from": [28, 25, 4],
			"to": [29, 27, 6],
			"rotation": {"angle": 0, "axis": "y", "origin": [28, 25, 4]},
			"faces": {
				"north": {"uv": [9.25, 11.375, 9.5, 11.625], "texture": "#0"},
				"east": {"uv": [9.5, 11.375, 9.75, 11.625], "texture": "#0"},
				"south": {"uv": [9.75, 11.375, 10, 11.625], "texture": "#0"},
				"west": {"uv": [10, 11.375, 10.25, 11.625], "texture": "#0"},
				"up": {"uv": [10.5, 11.625, 10.25, 11.375], "texture": "#0"},
				"down": {"uv": [10.75, 11.375, 10.5, 11.625], "texture": "#0"}
			}
		},
		{
			"from": [25, 21, 2],
			"to": [27, 23, 3],
			"rotation": {"angle": 0, "axis": "y", "origin": [25, 21, 1]},
			"faces": {
				"north": {"uv": [10.75, 11.375, 11, 11.625], "texture": "#0"},
				"east": {"uv": [11, 11.375, 11.25, 11.625], "texture": "#0"},
				"south": {"uv": [11.25, 11.375, 11.5, 11.625], "texture": "#0"},
				"west": {"uv": [11.5, 2.375, 11.75, 2.625], "texture": "#0"},
				"up": {"uv": [11.75, 2.875, 11.5, 2.625], "texture": "#0"},
				"down": {"uv": [11.75, 2.875, 11.5, 3.125], "texture": "#0"}
			}
		},
		{
			"from": [17, 24, 4],
			"to": [18, 26, 6],
			"rotation": {"angle": 0, "axis": "y", "origin": [16, 24, 4]},
			"faces": {
				"north": {"uv": [11.5, 3.125, 11.75, 3.375], "texture": "#0"},
				"east": {"uv": [11.5, 3.375, 11.75, 3.625], "texture": "#0"},
				"south": {"uv": [11.5, 3.625, 11.75, 3.875], "texture": "#0"},
				"west": {"uv": [3.75, 11.5, 4, 11.75], "texture": "#0"},
				"up": {"uv": [11.75, 4.125, 11.5, 3.875], "texture": "#0"},
				"down": {"uv": [4.25, 11.5, 4, 11.75], "texture": "#0"}
			}
		},
		{
			"from": [17, 16, 8],
			"to": [18, 18, 10],
			"rotation": {"angle": 0, "axis": "y", "origin": [16, 16, 8]},
			"faces": {
				"north": {"uv": [11.5, 4.125, 11.75, 4.375], "texture": "#0"},
				"east": {"uv": [4.25, 11.5, 4.5, 11.75], "texture": "#0"},
				"south": {"uv": [11.5, 4.375, 11.75, 4.625], "texture": "#0"},
				"west": {"uv": [4.5, 11.5, 4.75, 11.75], "texture": "#0"},
				"up": {"uv": [11.75, 4.875, 11.5, 4.625], "texture": "#0"},
				"down": {"uv": [5, 11.5, 4.75, 11.75], "texture": "#0"}
			}
		}
	],
	"display": {
		"ground": {
			"translation": [0, 3.25, 0]
		},
		"gui": {
			"rotation": [29, 0, 0],
			"scale": [0.33, 0.31, 0.52]
		},
		"head": {
			"translation": [0, 11, 0],
			"scale": [0.67, 0.48, 0.65]
		},
		"fixed": {
			"translation": [0, -3, 0],
			"scale": [0.42, 0.5, 0.46]
		}
	},
	"groups": [
		{
			"name": "group",
			"origin": [16, 16, 8],
			"color": 0,
			"children": [
				0,
				1,
				2,
				3,
				4,
				5,
				6,
				7,
				8,
				9,
				10,
				11,
				12,
				13,
				14,
				15,
				16,
				17,
				18,
				19,
				20,
				21,
				22,
				23,
				24,
				25,
				26,
				27,
				28,
				29,
				30,
				31,
				32,
				33,
				34,
				35,
				36,
				37,
				38,
				39,
				40,
				41,
				42,
				43,
				44,
				45,
				46,
				47,
				48,
				49
			]
		}
	]
}