{
	"credit": "Made by bennes2004",
	"texture_size": [64, 64],
	"textures": {
		"0": "block/custom/froghat2",
		"particle": "block/custom/froghat2"
	},
	"elements": [
		{
			"from": [0, 12, 0],
			"to": [16, 12, 16],
			"rotation": {"angle": 0, "axis": "y", "origin": [7, 12, 7]},
			"faces": {
				"north": {"uv": [0, 0, 4, 0], "texture": "#0"},
				"east": {"uv": [0, 0, 4, 0], "texture": "#0"},
				"south": {"uv": [0, 0, 4, 0], "texture": "#0"},
				"west": {"uv": [0, 0, 4, 0], "texture": "#0"},
				"up": {"uv": [4, 4, 0, 0], "texture": "#0"},
				"down": {"uv": [4, 4, 0, 8], "texture": "#0"}
			}
		},
		{
			"from": [14, 3, 0],
			"to": [16, 5, 0],
			"rotation": {"angle": 0, "axis": "y", "origin": [7, 6, 7]},
			"faces": {
				"north": {"uv": [8, 7, 8.5, 7.5], "texture": "#0"},
				"east": {"uv": [0, 0, 0, 0.5], "texture": "#0"},
				"south": {"uv": [8, 7.5, 8.5, 8], "texture": "#0"},
				"west": {"uv": [0, 0, 0, 0.5], "texture": "#0"},
				"up": {"uv": [0.5, 0, 0, 0], "texture": "#0"},
				"down": {"uv": [0.5, 0, 0, 0], "texture": "#0"}
			}
		},
		{
			"from": [0, 3, 0],
			"to": [2, 5, 0],
			"rotation": {"angle": 0, "axis": "y", "origin": [-8, 6, 7]},
			"faces": {
				"north": {"uv": [8, 8, 8.5, 8.5], "texture": "#0"},
				"east": {"uv": [0, 0, 0, 0.5], "texture": "#0"},
				"south": {"uv": [8.5, 7, 9, 7.5], "texture": "#0"},
				"west": {"uv": [0, 0, 0, 0.5], "texture": "#0"},
				"up": {"uv": [0.5, 0, 0, 0], "texture": "#0"},
				"down": {"uv": [0.5, 0, 0, 0], "texture": "#0"}
			}
		},
		{
			"from": [0, 5, 0],
			"to": [16, 12, 0],
			"rotation": {"angle": 0, "axis": "y", "origin": [7, 10, 7]},
			"faces": {
				"north": {"uv": [8, 2.5, 12, 4.25], "texture": "#0"},
				"east": {"uv": [0, 0, 0, 1.75], "texture": "#0"},
				"south": {"uv": [8, 4.25, 12, 6], "texture": "#0"},
				"west": {"uv": [0, 0, 0, 1.75], "texture": "#0"},
				"up": {"uv": [4, 0, 0, 0], "texture": "#0"},
				"down": {"uv": [4, 0, 0, 0], "texture": "#0"}
			}
		},
		{
			"from": [0, 2, 0],
			"to": [0, 12, 16],
			"rotation": {"angle": 0, "axis": "y", "origin": [7, 10, 9]},
			"faces": {
				"north": {"uv": [0, 0, 0, 2.5], "texture": "#0"},
				"east": {"uv": [4, 0, 8, 2.5], "texture": "#0"},
				"south": {"uv": [0, 0, 0, 2.5], "texture": "#0"},
				"west": {"uv": [4, 2.5, 8, 5], "texture": "#0"},
				"up": {"uv": [0, 4, 0, 0], "texture": "#0"},
				"down": {"uv": [0, 0, 0, 4], "texture": "#0"}
			}
		},
		{
			"from": [16, 2, 0],
			"to": [16, 12, 16],
			"rotation": {"angle": 0, "axis": "y", "origin": [9, 10, 7]},
			"faces": {
				"north": {"uv": [0, 0, 0, 2.5], "texture": "#0"},
				"east": {"uv": [4, 5, 8, 7.5], "texture": "#0"},
				"south": {"uv": [0, 0, 0, 2.5], "texture": "#0"},
				"west": {"uv": [4, 7.5, 8, 10], "texture": "#0"},
				"up": {"uv": [0, 4, 0, 0], "texture": "#0"},
				"down": {"uv": [0, 0, 0, 4], "texture": "#0"}
			}
		},
		{
			"from": [16, 1, 4],
			"to": [16, 2, 9],
			"rotation": {"angle": 0, "axis": "y", "origin": [9, 4, 7]},
			"faces": {
				"north": {"uv": [0, 0, 0, 0.25], "texture": "#0"},
				"east": {"uv": [8, 6, 9.25, 6.25], "texture": "#0"},
				"south": {"uv": [0, 0, 0, 0.25], "texture": "#0"},
				"west": {"uv": [8, 6.25, 9.25, 6.5], "texture": "#0"},
				"up": {"uv": [0, 1.25, 0, 0], "texture": "#0"},
				"down": {"uv": [0, 0, 0, 1.25], "texture": "#0"}
			}
		},
		{
			"from": [0, -1, 5],
			"to": [0, 0, 7],
			"rotation": {"angle": 0, "axis": "y", "origin": [-7, 2, 7]},
			"faces": {
				"north": {"uv": [0, 0, 0, 0.25], "texture": "#0"},
				"east": {"uv": [8.5, 8.25, 9, 8.5], "texture": "#0"},
				"south": {"uv": [0, 0, 0, 0.25], "texture": "#0"},
				"west": {"uv": [8, 8.75, 8.5, 9], "texture": "#0"},
				"up": {"uv": [0, 0.5, 0, 0], "texture": "#0"},
				"down": {"uv": [0, 0, 0, 0.5], "texture": "#0"}
			}
		},
		{
			"from": [0, 0, 4],
			"to": [0, 1, 8],
			"rotation": {"angle": 0, "axis": "y", "origin": [-7, 3, 7]},
			"faces": {
				"north": {"uv": [0, 0, 0, 0.25], "texture": "#0"},
				"east": {"uv": [8.5, 7.5, 9.5, 7.75], "texture": "#0"},
				"south": {"uv": [0, 0, 0, 0.25], "texture": "#0"},
				"west": {"uv": [8.5, 7.75, 9.5, 8], "texture": "#0"},
				"up": {"uv": [0, 1, 0, 0], "texture": "#0"},
				"down": {"uv": [0, 0, 0, 1], "texture": "#0"}
			}
		},
		{
			"from": [0, 1, 4],
			"to": [0, 2, 9],
			"rotation": {"angle": 0, "axis": "y", "origin": [-7, 4, 7]},
			"faces": {
				"north": {"uv": [0, 0, 0, 0.25], "texture": "#0"},
				"east": {"uv": [8, 6.5, 9.25, 6.75], "texture": "#0"},
				"south": {"uv": [0, 0, 0, 0.25], "texture": "#0"},
				"west": {"uv": [8, 6.75, 9.25, 7], "texture": "#0"},
				"up": {"uv": [0, 1.25, 0, 0], "texture": "#0"},
				"down": {"uv": [0, 0, 0, 1.25], "texture": "#0"}
			}
		},
		{
			"from": [16, 0, 4],
			"to": [16, 1, 8],
			"rotation": {"angle": 0, "axis": "y", "origin": [9, 3, 7]},
			"faces": {
				"north": {"uv": [0, 0, 0, 0.25], "texture": "#0"},
				"east": {"uv": [8, 8.5, 9, 8.75], "texture": "#0"},
				"south": {"uv": [0, 0, 0, 0.25], "texture": "#0"},
				"west": {"uv": [8.5, 8, 9.5, 8.25], "texture": "#0"},
				"up": {"uv": [0, 1, 0, 0], "texture": "#0"},
				"down": {"uv": [0, 0, 0, 1], "texture": "#0"}
			}
		},
		{
			"from": [16, -1, 5],
			"to": [16, 0, 7],
			"rotation": {"angle": 0, "axis": "y", "origin": [9, 2, 7]},
			"faces": {
				"north": {"uv": [0, 0, 0, 0.25], "texture": "#0"},
				"east": {"uv": [8.5, 8.75, 9, 9], "texture": "#0"},
				"south": {"uv": [0, 0, 0, 0.25], "texture": "#0"},
				"west": {"uv": [9, 7, 9.5, 7.25], "texture": "#0"},
				"up": {"uv": [0, 0.5, 0, 0], "texture": "#0"},
				"down": {"uv": [0, 0, 0, 0.5], "texture": "#0"}
			}
		},
		{
			"from": [0, 2, 16],
			"to": [16, 12, 16],
			"rotation": {"angle": 0, "axis": "y", "origin": [9, 10, 9]},
			"faces": {
				"north": {"uv": [0, 8, 4, 10.5], "texture": "#0"},
				"east": {"uv": [0, 0, 0, 2.5], "texture": "#0"},
				"south": {"uv": [8, 0, 12, 2.5], "texture": "#0"},
				"west": {"uv": [0, 0, 0, 2.5], "texture": "#0"},
				"up": {"uv": [4, 0, 0, 0], "texture": "#0"},
				"down": {"uv": [4, 0, 0, 0], "texture": "#0"}
			}
		},
		{
			"from": [10, 12, 7],
			"to": [16, 17, 9],
			"rotation": {"angle": 0, "axis": "y", "origin": [14, 12, 7]},
			"faces": {
				"north": {"uv": [5.75, 13.75, 7.25, 15], "texture": "#0"},
				"east": {"uv": [9.25, 12.5, 9.75, 13.75], "texture": "#0"},
				"south": {"uv": [5.75, 12.5, 7.25, 13.75], "texture": "#0"},
				"west": {"uv": [9.25, 13.75, 9.75, 15], "texture": "#0"},
				"up": {"uv": [7.25, 11.5, 8.75, 12], "texture": "#0"},
				"down": {"uv": [7.25, 15.5, 8.75, 16], "texture": "#0"}
			}
		},
		{
			"from": [0, 12, 7],
			"to": [6, 17, 9],
			"rotation": {"angle": 0, "axis": "y", "origin": [2, 12, 7]},
			"faces": {
				"north": {"uv": [7.25, 13.75, 8.75, 15], "texture": "#0"},
				"east": {"uv": [8.75, 12.5, 9.25, 13.75], "texture": "#0"},
				"south": {"uv": [7.25, 12.5, 8.75, 13.75], "texture": "#0"},
				"west": {"uv": [8.75, 13.75, 9.25, 15], "texture": "#0"},
				"up": {"uv": [7.25, 12, 8.75, 12.5], "texture": "#0"},
				"down": {"uv": [7.25, 15, 8.75, 15.5], "texture": "#0"}
			}
		}
	],
	"gui_light": "front",
	"display": {
		"thirdperson_righthand": {
			"scale": [0.33594, 0.33594, 0.33594]
		},
		"thirdperson_lefthand": {
			"scale": [0.33594, 0.33594, 0.33594]
		},
		"firstperson_righthand": {
			"scale": [0.33594, 0.33594, 0.33594]
		},
		"firstperson_lefthand": {
			"scale": [0.33594, 0.33594, 0.33594]
		},
		"ground": {
			"scale": [0.33594, 0.33594, 0.33594]
		},
		"gui": {
			"rotation": [-180, 31.25, -180],
			"scale": [0.66211, 0.66211, 0.66211]
		},
		"head": {
			"translation": [0, 3.5, 0],
			"scale": [0.94336, 0.94336, 0.94336]
		},
		"fixed": {
			"rotation": [-90, 0, 0],
			"translation": [0, 0, -4.75],
			"scale": [0.91016, 0.91016, 0.91016]
		}
	},
	"groups": [
		{
			"name": "group",
			"origin": [9, 10, 9],
			"color": 0,
			"children": [0, 1, 2, 3, 4, 5, 6, 7, 8, 9, 10, 11, 12, 13, 14]
		}
	]
}