{
	"credit": "Made with Blockbench",
	"texture_size": [128, 128],
	"textures": {
		"0": "block/custom/pc",
		"particle": "block/custom/pc"
	},
	"elements": [
		{
			"from": [-5, 1, 2],
			"to": [22, 2, 15],
			"rotation": {"angle": 0, "axis": "y", "origin": [20, 1, 5]},
			"faces": {
				"north": {"uv": [1.625, 3.375, 5, 3.5], "texture": "#0"},
				"east": {"uv": [0, 3.375, 1.625, 3.5], "texture": "#0"},
				"south": {"uv": [6.625, 3.375, 10, 3.5], "texture": "#0"},
				"west": {"uv": [5, 3.375, 6.625, 3.5], "texture": "#0"},
				"up": {"uv": [5, 3.375, 1.625, 1.75], "texture": "#0"},
				"down": {"uv": [8.375, 1.75, 5, 3.375], "texture": "#0"}
			}
		},
		{
			"from": [-5, 28, 2],
			"to": [22, 29, 15],
			"rotation": {"angle": 0, "axis": "y", "origin": [19, 28, 5]},
			"faces": {
				"north": {"uv": [1.625, 1.625, 5, 1.75], "texture": "#0"},
				"east": {"uv": [0, 1.625, 1.625, 1.75], "texture": "#0"},
				"south": {"uv": [6.625, 1.625, 10, 1.75], "texture": "#0"},
				"west": {"uv": [5, 1.625, 6.625, 1.75], "texture": "#0"},
				"up": {"uv": [5, 1.625, 1.625, 0], "texture": "#0"},
				"down": {"uv": [8.375, 0, 5, 1.625], "texture": "#0"}
			}
		},
		{
			"from": [-5, 2, 2],
			"to": [22, 28, 3],
			"rotation": {"angle": 0, "axis": "y", "origin": [19, 1, 5]},
			"faces": {
				"north": {"uv": [0.125, 3.625, 3.5, 6.875], "texture": "#0"},
				"east": {"uv": [0, 3.625, 0.125, 6.875], "texture": "#0"},
				"south": {"uv": [3.625, 3.625, 7, 6.875], "texture": "#0"},
				"west": {"uv": [3.5, 3.625, 3.625, 6.875], "texture": "#0"},
				"up": {"uv": [3.5, 3.625, 0.125, 3.5], "texture": "#0"},
				"down": {"uv": [6.875, 3.5, 3.5, 3.625], "texture": "#0"}
			}
		},
		{
			"from": [-4, 2, 15],
			"to": [22, 28, 15],
			"rotation": {"angle": 0, "axis": "y", "origin": [19, 1, 17]},
			"faces": {
				"north": {"uv": [0, 6.875, 3.25, 10.125], "texture": "#0"},
				"east": {"uv": [0, 6.875, 0, 10.125], "texture": "#0"},
				"south": {"uv": [3.25, 6.875, 6.5, 10.125], "texture": "#0"},
				"west": {"uv": [3.25, 6.875, 3.25, 10.125], "texture": "#0"},
				"up": {"uv": [3.25, 6.875, 0, 6.875], "texture": "#0"},
				"down": {"uv": [6.5, 6.875, 3.25, 6.875], "texture": "#0"}
			}
		},
		{
			"from": [-4, 2, 6],
			"to": [13, 28, 7],
			"rotation": {"angle": 0, "axis": "y", "origin": [19, 1, 9]},
			"faces": {
				"north": {"uv": [9.875, 7.125, 12, 10.375], "texture": "#0"},
				"east": {"uv": [9.75, 7.125, 9.875, 10.375], "texture": "#0"},
				"south": {"uv": [12.125, 7.125, 14.25, 10.375], "texture": "#0"},
				"west": {"uv": [12, 7.125, 12.125, 10.375], "texture": "#0"},
				"up": {"uv": [12, 7.125, 9.875, 7], "texture": "#0"},
				"down": {"uv": [14.125, 7, 12, 7.125], "texture": "#0"}
			}
		},
		{
			"from": [-3, 6, 8],
			"to": [12, 27, 8],
			"rotation": {"angle": 0, "axis": "y", "origin": [19, 1, 11]},
			"faces": {
				"north": {"uv": [10, 0, 11.875, 2.625], "texture": "#0"},
				"east": {"uv": [10, 0, 10, 2.625], "texture": "#0"},
				"south": {"uv": [11.875, 0, 13.75, 2.625], "texture": "#0"},
				"west": {"uv": [11.875, 0, 11.875, 2.625], "texture": "#0"},
				"up": {"uv": [11.875, 0, 10, 0], "texture": "#0"},
				"down": {"uv": [13.75, 0, 11.875, 0], "texture": "#0"}
			}
		},
		{
			"from": [14, 2, 4],
			"to": [21, 28, 5],
			"rotation": {"angle": 0, "axis": "y", "origin": [19, 1, 7]},
			"faces": {
				"north": {"uv": [2.125, 10.25, 3, 13.5], "texture": "#0"},
				"east": {"uv": [2, 10.25, 2.125, 13.5], "texture": "#0"},
				"south": {"uv": [3.125, 10.25, 4, 13.5], "texture": "#0"},
				"west": {"uv": [3, 10.25, 3.125, 13.5], "texture": "#0"},
				"up": {"uv": [3, 10.25, 2.125, 10.125], "texture": "#0"},
				"down": {"uv": [3.875, 10.125, 3, 10.25], "texture": "#0"}
			}
		},
		{
			"from": [-5, 2, 3],
			"to": [-4, 28, 15],
			"rotation": {"angle": 0, "axis": "y", "origin": [19, 1, 5]},
			"faces": {
				"north": {"uv": [8, 8.5, 8.125, 11.75], "texture": "#0"},
				"east": {"uv": [6.5, 8.5, 8, 11.75], "texture": "#0"},
				"south": {"uv": [9.625, 8.5, 9.75, 11.75], "texture": "#0"},
				"west": {"uv": [8.125, 8.5, 9.625, 11.75], "texture": "#0"},
				"up": {"uv": [8.125, 8.5, 8, 7], "texture": "#0"},
				"down": {"uv": [8.25, 7, 8.125, 8.5], "texture": "#0"}
			}
		},
		{
			"from": [22, 2, 7],
			"to": [22, 28, 15],
			"rotation": {"angle": 0, "axis": "y", "origin": [45, 1, 5]},
			"faces": {
				"north": {"uv": [1, 10.125, 1, 13.375], "texture": "#0"},
				"east": {"uv": [0, 10.125, 1, 13.375], "texture": "#0"},
				"south": {"uv": [2, 10.125, 2, 13.375], "texture": "#0"},
				"west": {"uv": [1, 10.125, 2, 13.375], "texture": "#0"},
				"up": {"uv": [1, 10.125, 1, 9.125], "texture": "#0"},
				"down": {"uv": [1, 9.125, 1, 10.125], "texture": "#0"}
			}
		},
		{
			"from": [21, 2, 3],
			"to": [22, 28, 7],
			"rotation": {"angle": 0, "axis": "y", "origin": [45, 1, 5]},
			"faces": {
				"north": {"uv": [5.75, 10.625, 5.875, 13.875], "texture": "#0"},
				"east": {"uv": [5.25, 10.625, 5.75, 13.875], "texture": "#0"},
				"south": {"uv": [6.375, 10.625, 6.5, 13.875], "texture": "#0"},
				"west": {"uv": [5.875, 10.625, 6.375, 13.875], "texture": "#0"},
				"up": {"uv": [5.875, 10.625, 5.75, 10.125], "texture": "#0"},
				"down": {"uv": [6, 10.125, 5.875, 10.625], "texture": "#0"}
			}
		},
		{
			"from": [13, 2, 3],
			"to": [14, 28, 7],
			"rotation": {"angle": 0, "axis": "y", "origin": [37, 1, 5]},
			"faces": {
				"north": {"uv": [4.5, 10.625, 4.625, 13.875], "texture": "#0"},
				"east": {"uv": [4, 10.625, 4.5, 13.875], "texture": "#0"},
				"south": {"uv": [5.125, 10.625, 5.25, 13.875], "texture": "#0"},
				"west": {"uv": [4.625, 10.625, 5.125, 13.875], "texture": "#0"},
				"up": {"uv": [4.625, 10.625, 4.5, 10.125], "texture": "#0"},
				"down": {"uv": [4.75, 10.125, 4.625, 10.625], "texture": "#0"}
			}
		},
		{
			"from": [-4, 0, 3],
			"to": [-2, 1, 4],
			"rotation": {"angle": 0, "axis": "y", "origin": [-4, 0, 2]},
			"faces": {
				"north": {"uv": [1, 1.875, 1.25, 2], "texture": "#0"},
				"east": {"uv": [0.875, 1.875, 1, 2], "texture": "#0"},
				"south": {"uv": [1.375, 1.875, 1.625, 2], "texture": "#0"},
				"west": {"uv": [1.25, 1.875, 1.375, 2], "texture": "#0"},
				"up": {"uv": [1.25, 1.875, 1, 1.75], "texture": "#0"},
				"down": {"uv": [1.5, 1.75, 1.25, 1.875], "texture": "#0"}
			}
		},
		{
			"from": [-4, 0, 13],
			"to": [-2, 1, 14],
			"rotation": {"angle": 0, "axis": "y", "origin": [-4, 0, 12]},
			"faces": {
				"north": {"uv": [0.125, 1.5, 0.375, 1.625], "texture": "#0"},
				"east": {"uv": [0, 1.5, 0.125, 1.625], "texture": "#0"},
				"south": {"uv": [0.5, 1.5, 0.75, 1.625], "texture": "#0"},
				"west": {"uv": [0.375, 1.5, 0.5, 1.625], "texture": "#0"},
				"up": {"uv": [0.375, 1.5, 0.125, 1.375], "texture": "#0"},
				"down": {"uv": [0.625, 1.375, 0.375, 1.5], "texture": "#0"}
			}
		},
		{
			"from": [18, 0, 13],
			"to": [20, 1, 14],
			"rotation": {"angle": 0, "axis": "y", "origin": [18, 0, 12]},
			"faces": {
				"north": {"uv": [1, 1.375, 1.25, 1.5], "texture": "#0"},
				"east": {"uv": [0.875, 1.375, 1, 1.5], "texture": "#0"},
				"south": {"uv": [1.375, 1.375, 1.625, 1.5], "texture": "#0"},
				"west": {"uv": [1.25, 1.375, 1.375, 1.5], "texture": "#0"},
				"up": {"uv": [1.25, 1.375, 1, 1.25], "texture": "#0"},
				"down": {"uv": [1.5, 1.25, 1.25, 1.375], "texture": "#0"}
			}
		},
		{
			"from": [18, 0, 3],
			"to": [20, 1, 4],
			"rotation": {"angle": 0, "axis": "y", "origin": [18, 0, 2]},
			"faces": {
				"north": {"uv": [0.875, 0.125, 1.125, 0.25], "texture": "#0"},
				"east": {"uv": [0.75, 0.125, 0.875, 0.25], "texture": "#0"},
				"south": {"uv": [1.25, 0.125, 1.5, 0.25], "texture": "#0"},
				"west": {"uv": [1.125, 0.125, 1.25, 0.25], "texture": "#0"},
				"up": {"uv": [1.125, 0.125, 0.875, 0], "texture": "#0"},
				"down": {"uv": [1.375, 0, 1.125, 0.125], "texture": "#0"}
			}
		},
		{
			"from": [12, 17, 7],
			"to": [14, 26, 9],
			"rotation": {"angle": 0, "axis": "y", "origin": [12, 26, 7]},
			"faces": {
				"north": {"uv": [0.25, 0.25, 0.5, 1.375], "texture": "#0"},
				"east": {"uv": [0, 0.25, 0.25, 1.375], "texture": "#0"},
				"south": {"uv": [0.75, 0.25, 1, 1.375], "texture": "#0"},
				"west": {"uv": [0.5, 0.25, 0.75, 1.375], "texture": "#0"},
				"up": {"uv": [0.5, 0.25, 0.25, 0], "texture": "#0"},
				"down": {"uv": [0.75, 0, 0.5, 0.25], "texture": "#0"}
			}
		},
		{
			"from": [-4, 13, 8],
			"to": [14, 16, 14],
			"rotation": {"angle": 0, "axis": "y", "origin": [12, 16, 7]},
			"faces": {
				"north": {"uv": [7.75, 4.25, 10, 4.625], "texture": "#0"},
				"east": {"uv": [7, 4.25, 7.75, 4.625], "texture": "#0"},
				"south": {"uv": [10.75, 4.25, 13, 4.625], "texture": "#0"},
				"west": {"uv": [10, 4.25, 10.75, 4.625], "texture": "#0"},
				"up": {"uv": [10, 4.25, 7.75, 3.5], "texture": "#0"},
				"down": {"uv": [12.25, 3.5, 10, 4.25], "texture": "#0"}
			}
		},
		{
			"from": [-3.3, 26.7, 7.7],
			"to": [20.3, 28.3, 14.3],
			"rotation": {"angle": 0, "axis": "y", "origin": [18, 28, 7]},
			"faces": {
				"north": {"uv": [7.25, 6.875, 10.125, 7], "texture": "#0"},
				"east": {"uv": [6.5, 6.875, 7.25, 7], "texture": "#0"},
				"south": {"uv": [10.875, 6.875, 13.75, 7], "texture": "#0"},
				"west": {"uv": [10.125, 6.875, 10.875, 7], "texture": "#0"},
				"up": {"uv": [10.125, 6.875, 7.25, 6.125], "texture": "#0"},
				"down": {"uv": [13, 6.125, 10.125, 6.875], "texture": "#0"}
			}
		},
		{
			"from": [3, 20, 8],
			"to": [5, 24, 10],
			"rotation": {"angle": 0, "axis": "y", "origin": [3, 28, 7]},
			"faces": {
				"north": {"uv": [0.375, 2.125, 0.625, 2.625], "texture": "#0"},
				"east": {"uv": [0.125, 2.125, 0.375, 2.625], "texture": "#0"},
				"south": {"uv": [0.875, 2.125, 1.125, 2.625], "texture": "#0"},
				"west": {"uv": [0.625, 2.125, 0.875, 2.625], "texture": "#0"},
				"up": {"uv": [0.625, 2.125, 0.375, 1.875], "texture": "#0"},
				"down": {"uv": [0.875, 1.875, 0.625, 2.125], "texture": "#0"}
			}
		},
		{
			"from": [2, 21, 8],
			"to": [3, 23, 10],
			"rotation": {"angle": 0, "axis": "y", "origin": [1, 28, 7]},
			"faces": {
				"north": {"uv": [7.375, 5, 7.5, 5.25], "texture": "#0"},
				"east": {"uv": [7.125, 5, 7.375, 5.25], "texture": "#0"},
				"south": {"uv": [7.75, 5, 7.875, 5.25], "texture": "#0"},
				"west": {"uv": [7.5, 5, 7.75, 5.25], "texture": "#0"},
				"up": {"uv": [7.5, 5, 7.375, 4.75], "texture": "#0"},
				"down": {"uv": [7.625, 4.75, 7.5, 5], "texture": "#0"}
			}
		},
		{
			"from": [5, 21, 8],
			"to": [6, 23, 10],
			"rotation": {"angle": 0, "axis": "y", "origin": [4, 28, 7]},
			"faces": {
				"north": {"uv": [0.375, 3, 0.5, 3.25], "texture": "#0"},
				"east": {"uv": [0.125, 3, 0.375, 3.25], "texture": "#0"},
				"south": {"uv": [0.75, 3, 0.875, 3.25], "texture": "#0"},
				"west": {"uv": [0.5, 3, 0.75, 3.25], "texture": "#0"},
				"up": {"uv": [0.5, 3, 0.375, 2.75], "texture": "#0"},
				"down": {"uv": [0.625, 2.75, 0.5, 3], "texture": "#0"}
			}
		},
		{
			"from": [10, 18, 8],
			"to": [10, 26, 10],
			"rotation": {"angle": 0, "axis": "y", "origin": [10, 27, 8]},
			"faces": {
				"north": {"uv": [6.75, 7, 6.75, 8], "texture": "#0"},
				"east": {"uv": [6.5, 7, 6.75, 8], "texture": "#0"},
				"south": {"uv": [7, 7, 7, 8], "texture": "#0"},
				"west": {"uv": [6.75, 7, 7, 8], "texture": "#0"},
				"up": {"uv": [6.75, 7, 6.75, 6.75], "texture": "#0"},
				"down": {"uv": [6.75, 6.75, 6.75, 7], "texture": "#0"}
			}
		},
		{
			"from": [9, 18, 8],
			"to": [9, 26, 10],
			"rotation": {"angle": 0, "axis": "y", "origin": [9, 27, 8]},
			"faces": {
				"north": {"uv": [1.25, 0.25, 1.25, 1.25], "texture": "#0"},
				"east": {"uv": [1, 0.25, 1.25, 1.25], "texture": "#0"},
				"south": {"uv": [1.5, 0.25, 1.5, 1.25], "texture": "#0"},
				"west": {"uv": [1.25, 0.25, 1.5, 1.25], "texture": "#0"},
				"up": {"uv": [1.25, 0.25, 1.25, 0], "texture": "#0"},
				"down": {"uv": [1.25, 0, 1.25, 0.25], "texture": "#0"}
			}
		},
		{
			"from": [10, 7, 7],
			"to": [11, 8, 8],
			"rotation": {"angle": 0, "axis": "y", "origin": [9, 16, 7]},
			"faces": {
				"north": {"uv": [7.125, 5.625, 7.25, 5.75], "texture": "#0"},
				"east": {"uv": [7, 5.625, 7.125, 5.75], "texture": "#0"},
				"south": {"uv": [7.375, 5.625, 7.5, 5.75], "texture": "#0"},
				"west": {"uv": [7.25, 5.625, 7.375, 5.75], "texture": "#0"},
				"up": {"uv": [7.25, 5.625, 7.125, 5.5], "texture": "#0"},
				"down": {"uv": [7.375, 5.5, 7.25, 5.625], "texture": "#0"}
			}
		},
		{
			"from": [-2, 7, 7],
			"to": [-1, 8, 8],
			"rotation": {"angle": 0, "axis": "y", "origin": [-3, 16, 7]},
			"faces": {
				"north": {"uv": [7.125, 5.375, 7.25, 5.5], "texture": "#0"},
				"east": {"uv": [7, 5.375, 7.125, 5.5], "texture": "#0"},
				"south": {"uv": [7.375, 5.375, 7.5, 5.5], "texture": "#0"},
				"west": {"uv": [7.25, 5.375, 7.375, 5.5], "texture": "#0"},
				"up": {"uv": [7.25, 5.375, 7.125, 5.25], "texture": "#0"},
				"down": {"uv": [7.375, 5.25, 7.25, 5.375], "texture": "#0"}
			}
		},
		{
			"from": [4, 7, 7],
			"to": [5, 8, 8],
			"rotation": {"angle": 0, "axis": "y", "origin": [3, 16, 7]},
			"faces": {
				"north": {"uv": [7.125, 4.125, 7.25, 4.25], "texture": "#0"},
				"east": {"uv": [7, 4.125, 7.125, 4.25], "texture": "#0"},
				"south": {"uv": [7.375, 4.125, 7.5, 4.25], "texture": "#0"},
				"west": {"uv": [7.25, 4.125, 7.375, 4.25], "texture": "#0"},
				"up": {"uv": [7.25, 4.125, 7.125, 4], "texture": "#0"},
				"down": {"uv": [7.375, 4, 7.25, 4.125], "texture": "#0"}
			}
		},
		{
			"from": [4, 15, 7],
			"to": [5, 16, 8],
			"rotation": {"angle": 0, "axis": "y", "origin": [3, 24, 7]},
			"faces": {
				"north": {"uv": [7.125, 3.875, 7.25, 4], "texture": "#0"},
				"east": {"uv": [7, 3.875, 7.125, 4], "texture": "#0"},
				"south": {"uv": [7.375, 3.875, 7.5, 4], "texture": "#0"},
				"west": {"uv": [7.25, 3.875, 7.375, 4], "texture": "#0"},
				"up": {"uv": [7.25, 3.875, 7.125, 3.75], "texture": "#0"},
				"down": {"uv": [7.375, 3.75, 7.25, 3.875], "texture": "#0"}
			}
		},
		{
			"from": [10, 15, 7],
			"to": [11, 16, 8],
			"rotation": {"angle": 0, "axis": "y", "origin": [9, 24, 7]},
			"faces": {
				"north": {"uv": [7.125, 3.625, 7.25, 3.75], "texture": "#0"},
				"east": {"uv": [7, 3.625, 7.125, 3.75], "texture": "#0"},
				"south": {"uv": [7.375, 3.625, 7.5, 3.75], "texture": "#0"},
				"west": {"uv": [7.25, 3.625, 7.375, 3.75], "texture": "#0"},
				"up": {"uv": [7.25, 3.625, 7.125, 3.5], "texture": "#0"},
				"down": {"uv": [7.375, 3.5, 7.25, 3.625], "texture": "#0"}
			}
		},
		{
			"from": [-2, 15, 7],
			"to": [-1, 16, 8],
			"rotation": {"angle": 0, "axis": "y", "origin": [-3, 24, 7]},
			"faces": {
				"north": {"uv": [1.125, 3.125, 1.25, 3.25], "texture": "#0"},
				"east": {"uv": [1, 3.125, 1.125, 3.25], "texture": "#0"},
				"south": {"uv": [1.375, 3.125, 1.5, 3.25], "texture": "#0"},
				"west": {"uv": [1.25, 3.125, 1.375, 3.25], "texture": "#0"},
				"up": {"uv": [1.25, 3.125, 1.125, 3], "texture": "#0"},
				"down": {"uv": [1.375, 3, 1.25, 3.125], "texture": "#0"}
			}
		},
		{
			"from": [-2, 25, 7],
			"to": [-1, 26, 8],
			"rotation": {"angle": 0, "axis": "y", "origin": [-3, 34, 7]},
			"faces": {
				"north": {"uv": [1.125, 2.875, 1.25, 3], "texture": "#0"},
				"east": {"uv": [1, 2.875, 1.125, 3], "texture": "#0"},
				"south": {"uv": [1.375, 2.875, 1.5, 3], "texture": "#0"},
				"west": {"uv": [1.25, 2.875, 1.375, 3], "texture": "#0"},
				"up": {"uv": [1.25, 2.875, 1.125, 2.75], "texture": "#0"},
				"down": {"uv": [1.375, 2.75, 1.25, 2.875], "texture": "#0"}
			}
		},
		{
			"from": [4, 25, 7],
			"to": [5, 26, 8],
			"rotation": {"angle": 0, "axis": "y", "origin": [3, 34, 7]},
			"faces": {
				"north": {"uv": [0.75, 2.75, 0.875, 2.875], "texture": "#0"},
				"east": {"uv": [0.625, 2.75, 0.75, 2.875], "texture": "#0"},
				"south": {"uv": [1, 2.75, 1.125, 2.875], "texture": "#0"},
				"west": {"uv": [0.875, 2.75, 1, 2.875], "texture": "#0"},
				"up": {"uv": [0.875, 2.75, 0.75, 2.625], "texture": "#0"},
				"down": {"uv": [1, 2.625, 0.875, 2.75], "texture": "#0"}
			}
		},
		{
			"from": [10, 25, 7],
			"to": [11, 26, 8],
			"rotation": {"angle": 0, "axis": "y", "origin": [9, 34, 7]},
			"faces": {
				"north": {"uv": [1.25, 2.625, 1.375, 2.75], "texture": "#0"},
				"east": {"uv": [1.125, 2.625, 1.25, 2.75], "texture": "#0"},
				"south": {"uv": [1.5, 2.625, 1.625, 2.75], "texture": "#0"},
				"west": {"uv": [1.375, 2.625, 1.5, 2.75], "texture": "#0"},
				"up": {"uv": [1.375, 2.625, 1.25, 2.5], "texture": "#0"},
				"down": {"uv": [1.5, 2.5, 1.375, 2.625], "texture": "#0"}
			}
		}
	],
	"display": {
		"thirdperson_righthand": {
			"scale": [0.37, 0.37, 0.37]
		},
		"thirdperson_lefthand": {
			"translation": [0, 35, 0],
			"scale": [4, 4, 4]
		},
		"firstperson_righthand": {
			"translation": [6.75, -12, 0]
		},
		"ground": {
			"translation": [0, 23.75, 0],
			"scale": [4, 4, 4]
		},
		"gui": {
			"translation": [0, -3.75, 0],
			"scale": [0.52, 0.52, 0.52]
		},
		"head": {
			"rotation": [0, 180, 0],
			"translation": [0, 13, 0]
		},
		"fixed": {
			"rotation": [-90, 0, 0],
			"translation": [0, 0, -7.5],
			"scale": [1.18, 1.18, 1.8]
		}
	}
}
