{
	"credit": "Made with Blockbench",
	"textures": {
		"0": "block/custom/eggs/cyan_easter_egg_texture",
		"particle": "block/custom/eggs/cyan_easter_egg_texture"
	},
	"elements": [
		{
			"from": [5.5, 1, 5.5],
			"to": [10.5, 5, 10.5],
			"faces": {
				"north": {"uv": [5, 0, 10, 4], "texture": "#0"},
				"east": {"uv": [5, 4, 10, 8], "texture": "#0"},
				"south": {"uv": [5, 8, 10, 12], "texture": "#0"},
				"west": {"uv": [0, 10, 5, 14], "texture": "#0"},
				"up": {"uv": [5, 5, 0, 0], "texture": "#0"},
				"down": {"uv": [5, 5, 0, 10], "texture": "#0"}
			}
		},
		{
			"from": [6.5, 5, 6.5],
			"to": [9.5, 6, 9.5],
			"faces": {
				"north": {"uv": [5, 12, 8, 13], "texture": "#0"},
				"east": {"uv": [8, 12, 11, 13], "texture": "#0"},
				"south": {"uv": [11, 12, 14, 13], "texture": "#0"},
				"west": {"uv": [13, 0, 16, 1], "texture": "#0"},
				"up": {"uv": [13, 3, 10, 0], "texture": "#0"},
				"down": {"uv": [13, 3, 10, 6], "texture": "#0"}
			}
		},
		{
			"from": [6.5, 0, 6.5],
			"to": [9.5, 1, 9.5],
			"faces": {
				"north": {"uv": [13, 1, 16, 2], "texture": "#0"},
				"east": {"uv": [13, 2, 16, 3], "texture": "#0"},
				"south": {"uv": [13, 3, 16, 4], "texture": "#0"},
				"west": {"uv": [13, 4, 16, 5], "texture": "#0"},
				"up": {"uv": [13, 9, 10, 6], "texture": "#0"},
				"down": {"uv": [13, 9, 10, 12], "texture": "#0"}
			}
		}
	],
	"display": {
		"thirdperson_righthand": {
			"translation": [0, 3.25, 0]
		},
		"thirdperson_lefthand": {
			"translation": [0, 3.25, 0]
		},
		"firstperson_righthand": {
			"translation": [2.75, 5.75, 0]
		},
		"firstperson_lefthand": {
			"translation": [2.75, 5.75, 0]
		},
		"ground": {
			"translation": [0, 6.75, 0]
		},
		"gui": {
			"rotation": [22.5, 45, 0],
			"translation": [0, 9.25, 0],
			"scale": [2, 2, 2]
		},
		"head": {
			"translation": [0, 22.5, 0],
			"scale": [2, 2, 2]
		},
		"fixed": {
			"rotation": [-90, 0, 0],
			"translation": [-5, 5, -16],
			"scale": [2, 2, 2]
		}
	},
	"groups": [
		{
			"name": "easter_egg",
			"origin": [0, 0, 0],
			"color": 0,
			"children": [0, 1, 2]
		}
	]
}