{
	"credit": "Take yo bitch",
	"texture_size": [64, 64],
	"textures": {
		"0": "minecraft:entity/villager/profession/cartographer",
		"particle": "minecraft:entity/villager/profession/cartographer"
	},
	"elements": [
		{
			"from": [0, 0, 0],
			"to": [4, 5, 0],
			"faces": {
				"north": {"uv": [11, 3.25, 12, 4.5], "texture": "#0"},
				"east": {"uv": [0, 0, 0, 5], "texture": "#missing"},
				"south": {"uv": [12, 3.25, 11, 4.5], "texture": "#0"},
				"west": {"uv": [0, 0, 0, 5], "texture": "#missing"},
				"up": {"uv": [0, 0, 5, 0], "texture": "#missing"},
				"down": {"uv": [0, 0, 5, 0], "texture": "#missing"}
			}
		}
	],
	"display": {
		"thirdperson_righthand": {
			"translation": [2, 3, 3.75],
			"scale": [0.5, 0.5, 0.5]
		},
		"firstperson_righthand": {
			"translation": [16, 3, 0]
		},
		"firstperson_lefthand": {
			"translation": [1.5, 3, 0]
		},
		"ground": {
			"translation": [5.5, 4, 6.5],
			"scale": [0.75, 0.75, 0.75]
		},
		"gui": {
			"translation": [6.75, 0, 0]
		},
		"head": {
			"translation": [5.75, 6, 4.75],
			"scale": [1.5, 1.5, 1.5]
		},
		"fixed": {
			"translation": [0, 0, 7.5]
		}
	}
}