{
	"credit": "Made with Blockbench",
	"texture_size": [64, 64],
	"textures": {
		"0": "entity/villager/profession/weaponsmith",
		"particle": "entity/villager/profession/weaponsmith"
	},
	"elements": [
		{
			"from": [4, 0.35, 2],
			"to": [12, 5.35, 10],
			"faces": {
				"north": {"uv": [2, 2.75, 4, 4], "texture": "#0"},
				"east": {"uv": [0, 2.75, 2, 4], "texture": "#0"},
				"south": {"uv": [6, 2.75, 8, 4], "texture": "#0"},
				"west": {"uv": [4, 2.75, 6, 4], "texture": "#0"},
				"up": {"uv": [2, 0.75, 4, 2.75], "texture": "#0"},
				"down": {"uv": [2, 4, 4, 4.75], "texture": "#0"}
			}
		}
	],
	"display": {
		"thirdperson_righthand": {
			"rotation": [0, 45, 0],
			"translation": [0, 2, 0],
			"scale": [0.25, 0.25, 0.25]
		},
		"thirdperson_lefthand": {
			"rotation": [0, 45, 0],
			"translation": [0, 2, 0],
			"scale": [0.25, 0.25, 0.25]
		},
		"firstperson_righthand": {
			"translation": [0, 7, -2.25]
		},
		"firstperson_lefthand": {
			"translation": [6, 6.25, -5.5]
		},
		"ground": {
			"scale": [0.25, 0.25, 0.25]
		},
		"gui": {
			"rotation": [15, 45, 0],
			"translation": [1.25, 1.75, 0],
			"scale": [0.96, 0.96, 0.96]
		},
		"head": {
			"translation": [0, 10.5, 3.75],
			"scale": [1.85, 1.85, 1.85]
		}
	}
}