{
	"credit": "Made with Blockbench",
	"texture_size": [64, 64],
	"textures": {
		"0": "block/custom/poster",
		"particle": "block/custom/poster"
	},
	"elements": [
		{
			"from": [0, 0, 0],
			"to": [32, 1, 16],
			"faces": {
				"north": {"uv": [0, 8, 8, 8.25], "texture": "#0"},
				"east": {"uv": [8, 0.25, 12, 0.5], "texture": "#0"},
				"south": {"uv": [8, 0, 16, 0.25], "texture": "#0"},
				"west": {"uv": [8, 0.5, 12, 0.75], "texture": "#0"},
				"up": {"uv": [8, 4, 0, 0], "texture": "#0"},
				"down": {"uv": [8, 4, 0, 8], "texture": "#0"}
			}
		}
	],
	"display": {
		"thirdperson_righthand": {
			"rotation": [4.04, -55.28, 25.92],
			"translation": [-1.25, 5, -7.75]
		},
		"fixed": {
			"rotation": [90, -90, 180],
			"translation": [0, 15.75, -30.25],
			"scale": [4, 4, 4]
		}
	}
}
