{
	"credit": "Made with Blockbench",
	"texture_size": [64, 64],
	"textures": {
		"0": "block/custom/strawhat",
		"particle": "block/custom/strawhat"
	},
	"elements": [
		{
			"from": [3.9, 7.9, 3.9],
			"to": [12.1, 10.1, 12.1],
			"rotation": {"angle": 0, "axis": "y", "origin": [8, 12, 8]},
			"faces": {
				"north": {"uv": [2, 6, 4, 6.5], "texture": "#0"},
				"east": {"uv": [0, 6, 2, 6.5], "texture": "#0"},
				"south": {"uv": [6, 6, 8, 6.5], "texture": "#0"},
				"west": {"uv": [4, 6, 6, 6.5], "texture": "#0"},
				"up": {"uv": [4, 6, 2, 4], "texture": "#0"},
				"down": {"uv": [6, 4, 4, 6], "texture": "#0"}
			}
		},
		{
			"from": [4.5, 9.5, 4.5],
			"to": [11.5, 11.5, 11.5],
			"rotation": {"angle": 0, "axis": "y", "origin": [8, 14, 8]},
			"faces": {
				"north": {"uv": [1.5, 8, 3, 8.25], "texture": "#0"},
				"east": {"uv": [0, 8, 1.5, 8.25], "texture": "#0"},
				"south": {"uv": [4.5, 8, 6, 8.25], "texture": "#0"},
				"west": {"uv": [3, 8, 4.5, 8.25], "texture": "#0"},
				"up": {"uv": [3, 8, 1.5, 6.5], "texture": "#0"},
				"down": {"uv": [4.5, 6.5, 3, 8], "texture": "#0"}
			}
		},
		{
			"from": [5, 11, 5],
			"to": [11, 12, 11],
			"rotation": {"angle": 0, "axis": "y", "origin": [8, 15, 8]},
			"faces": {
				"north": {"uv": [7.5, 5.5, 9, 5.75], "texture": "#0"},
				"east": {"uv": [6, 5.5, 7.5, 5.75], "texture": "#0"},
				"south": {"uv": [10.5, 5.5, 12, 5.75], "texture": "#0"},
				"west": {"uv": [9, 5.5, 10.5, 5.75], "texture": "#0"},
				"up": {"uv": [9, 5.5, 7.5, 4], "texture": "#0"},
				"down": {"uv": [10.5, 4, 9, 5.5], "texture": "#0"}
			}
		},
		{
			"from": [0, 8, 0],
			"to": [16, 8, 16],
			"rotation": {"angle": 0, "axis": "y", "origin": [7, 12, 8]},
			"faces": {
				"north": {"uv": [4, 4, 8, 4], "texture": "#0"},
				"east": {"uv": [0, 4, 4, 4], "texture": "#0"},
				"south": {"uv": [12, 4, 16, 4], "texture": "#0"},
				"west": {"uv": [8, 4, 12, 4], "texture": "#0"},
				"up": {"uv": [8, 4, 4, 0], "texture": "#0"},
				"down": {"uv": [12, 0, 8, 4], "texture": "#0"}
			}
		}
	],
	"display": {
		"thirdperson_righthand": {
			"translation": [0, 0.25, 0],
			"scale": [0.5, 0.5, 0.5]
		},
		"thirdperson_lefthand": {
			"translation": [0, 0.25, 0],
			"scale": [0.5, 0.5, 0.5]
		},
		"gui": {
			"rotation": [23, 31, 0],
			"scale": [0.9, 0.9, 0.9]
		},
		"head": {
			"rotation": [5, 0, 0],
			"translation": [0, 4, 0],
			"scale": [1.8, 1.8, 1.8]
		},
		"fixed": {
			"rotation": [-89, 0, 0]
		}
	}
}
