{
	"credit": "Made with Blockbench",
	"texture_size": [64, 64],
	"textures": {
		"0": "block/custom/wooden_axe",
		"particle": "block/custom/wooden_axe"
	},
	"elements": [
		{
			"from": [7, 0, 7],
			"to": [9, 21, 9],
			"rotation": {"angle": 0, "axis": "y", "origin": [7, 0, 7]},
			"faces": {
				"north": {"uv": [0.5, 1.5, 1, 6.75], "texture": "#0"},
				"east": {"uv": [0, 1.5, 0.5, 6.75], "texture": "#0"},
				"south": {"uv": [1.5, 1.5, 2, 6.75], "texture": "#0"},
				"west": {"uv": [1, 1.5, 1.5, 6.75], "texture": "#0"},
				"up": {"uv": [1, 1.5, 0.5, 1], "texture": "#0"},
				"down": {"uv": [1.5, 1, 1, 1.5], "texture": "#0"}
			}
		},
		{
			"from": [0, 21, 7],
			"to": [15, 23, 9],
			"rotation": {"angle": 0, "axis": "y", "origin": [7, 21, 7]},
			"faces": {
				"north": {"uv": [0.5, 0.5, 4.25, 1], "texture": "#0"},
				"east": {"uv": [0, 0.5, 0.5, 1], "texture": "#0"},
				"south": {"uv": [4.75, 0.5, 8.5, 1], "texture": "#0"},
				"west": {"uv": [4.25, 0.5, 4.75, 1], "texture": "#0"},
				"up": {"uv": [4.25, 0.5, 0.5, 0], "texture": "#0"},
				"down": {"uv": [8, 0, 4.25, 0.5], "texture": "#0"}
			}
		}
	],
	"display": {
		"thirdperson_righthand": {
			"rotation": [-1, 83, 0],
			"translation": [0, 0, 2],
			"scale": [0.63, 0.62, 0.63]
		},
		"firstperson_righthand": {
			"rotation": [0, 83, 0],
			"translation": [7.5, -1.75, -3.25],
			"scale": [0.22, 0.22, 0.22]
		},
		"gui": {
			"rotation": [0, 144, 0],
			"scale": [0.48, 0.46, 0.46]
		}
	}
}
