{
	"credit": "Made with Blockbench",
	"texture_size": [64, 64],
	"textures": {
		"0": "entity/villager/profession/armorer",
		"particle": "entity/villager/profession/armorer"
	},
	"elements": [
		{
			"from": [3.975, -0.025, -0.275],
			"to": [12.025, 5.025, 0.775],
			"faces": {
				"north": {"uv": [10, 2, 12, 3.25], "texture": "#0"},
				"east": {"uv": [10, 3.25, 9.75, 2], "rotation": 180, "texture": "#0"},
				"south": {"uv": [12, 2, 10, 3.25], "texture": "#0"},
				"west": {"uv": [12, 2, 12.25, 3.25], "texture": "#0"},
				"up": {"uv": [10, 1.75, 12, 2], "texture": "#0"},
				"down": {"uv": [10, 3.25, 12, 3.5], "texture": "#0"}
			}
		},
		{
			"from": [4, 2, -0.05],
			"to": [12, 4, 7.95],
			"faces": {
				"north": {"uv": [8, 2.25, 9.75, 2.75], "texture": "#0"},
				"east": {"uv": [8, 2.25, 9.75, 2.75], "texture": "#0"},
				"south": {"uv": [8, 2.25, 9.75, 2.75], "texture": "#0"},
				"west": {"uv": [8, 2.25, 9.75, 2.75], "texture": "#0"},
				"up": {"uv": [8, 1.75, 9.75, 2.25], "texture": "#0"},
				"down": {"uv": [8, 1.75, 9.75, 2.25], "texture": "#0"}
			}
		}
	],
	"display": {
		"thirdperson_righthand": {
			"rotation": [0, 45, 0],
			"translation": [0, 2.25, 0],
			"scale": [0.25, 0.25, 0.25]
		},
		"ground": {
			"scale": [0.25, 0.25, 0.25]
		},
		"gui": {
			"rotation": [15, 135, 0],
			"translation": [2.5, 2.75, 0]
		},
		"head": {
			"rotation": [2, 0, 0],
			"translation": [0, 14.25, 8],
			"scale": [1.85, 1.85, 1.85]
		}
	}
}