{
	"credit": "Made with Blockbench",
	"texture_size": [64, 64],
	"textures": {
		"0": "entity/villager/profession/librarian",
		"particle": "entity/villager/profession/librarian"
	},
	"elements": [
		{
			"from": [4, 2, 4],
			"to": [12, 5, 12],
			"faces": {
				"north": {"uv": [10, 2, 12, 2.75], "texture": "#0"},
				"east": {"uv": [8, 2, 10, 2.75], "texture": "#0"},
				"south": {"uv": [14, 2, 16, 2.75], "texture": "#0"},
				"west": {"uv": [12, 2, 14, 2.75], "texture": "#0"},
				"up": {"uv": [10, 0, 12, 2], "texture": "#0"},
				"down": {"uv": [10, 0, 12, 2], "texture": "#0"}
			}
		},
		{
			"from": [4, 0, 4],
			"to": [12, 2, 12],
			"faces": {
				"north": {"uv": [10, 2.75, 12, 3.25], "texture": "#0"},
				"east": {"uv": [8, 2.75, 10, 3.75], "texture": "#0"},
				"south": {"uv": [14, 2.75, 16, 3.25], "texture": "#0"},
				"west": {"uv": [12, 2.75, 14, 3.5], "texture": "#0"},
				"up": {"uv": [14, 0, 16, 2], "texture": "#0"},
				"down": {"uv": [14, 0, 16, 2], "texture": "#0"}
			}
		}
	],
	"display": {
		"thirdperson_righthand": {
			"rotation": [0, 45, 0],
			"translation": [0, 3, 0],
			"scale": [0.5, 0.5, 0.5]
		},
		"thirdperson_lefthand": {
			"rotation": [0, 45, 0],
			"translation": [0, 3, 0],
			"scale": [0.5, 0.5, 0.5]
		},
		"firstperson_righthand": {
			"translation": [0, 5, 0],
			"scale": [0.5, 0.5, 0.5]
		},
		"firstperson_lefthand": {
			"translation": [0, 5, 0],
			"scale": [0.5, 0.5, 0.5]
		},
		"ground": {
			"translation": [0, -1.75, 0],
			"scale": [0.25, 0.25, 0.25]
		},
		"gui": {
			"rotation": [25, 45, 0]
		},
		"head": {
			"translation": [0, 16.25, 0],
			"scale": [1.86, 1.86, 1.86]
		}
	}
}