{
	"credit": "Made with Blockbench",
	"texture_size": [64, 64],
	"textures": {
		"0": "entity/villager/profession/shepherd",
		"particle": "entity/villager/profession/shepherd"
	},
	"elements": [
		{
			"from": [2, 0, 0],
			"to": [14, 0, 12],
			"faces": {
				"north": {"uv": [7.75, 6.75, 9.75, 8.75], "texture": "#0"},
				"east": {"uv": [0, 0, 2, 2], "texture": "#missing"},
				"south": {"uv": [0, 0, 2, 2], "texture": "#missing"},
				"west": {"uv": [0, 0, 2, 2], "texture": "#missing"},
				"up": {"uv": [12.5, 12.5, 15.5, 15.5], "texture": "#0"},
				"down": {"uv": [12.5, 12.5, 15.5, 15.5], "texture": "#0"}
			}
		},
		{
			"from": [4, 0.35, 2],
			"to": [12, 5.35, 10],
			"faces": {
				"north": {"uv": [2, 2, 4, 3.25], "texture": "#0"},
				"east": {"uv": [0, 2, 2, 3.25], "texture": "#0"},
				"south": {"uv": [6, 2, 8, 3.25], "texture": "#0"},
				"west": {"uv": [4, 2, 6, 3.25], "texture": "#0"},
				"up": {"uv": [2, 0, 4, 2], "texture": "#0"},
				"down": {"uv": [2, 3.25, 4, 4], "texture": "#0"}
			}
		},
		{
			"from": [3.75, 0.1, 1.75],
			"to": [12.25, 5.6, 10.25],
			"faces": {
				"north": {"uv": [10, 2, 12, 3.25], "texture": "#0"},
				"east": {"uv": [8, 2, 10, 3.25], "texture": "#0"},
				"south": {"uv": [14, 2, 16, 3.25], "texture": "#0"},
				"west": {"uv": [12, 2, 14, 3.25], "texture": "#0"},
				"up": {"uv": [10, 0, 12, 2], "texture": "#0"},
				"down": {"uv": [10, 3.25, 12, 4], "texture": "#0"}
			}
		}
	],
	"display": {
		"thirdperson_righthand": {
			"rotation": [0, 45, 0],
			"translation": [0, 2, 0],
			"scale": [0.25, 0.25, 0.25]
		},
		"thirdperson_lefthand": {
			"rotation": [0, 45, 0],
			"translation": [0, 2, 0],
			"scale": [0.25, 0.25, 0.25]
		},
		"firstperson_righthand": {
			"translation": [0, 7, -2.25]
		},
		"firstperson_lefthand": {
			"translation": [6, 6.25, -5.5]
		},
		"ground": {
			"scale": [0.25, 0.25, 0.25]
		},
		"gui": {
			"rotation": [15, 45, 0],
			"translation": [1.25, 1.75, 0],
			"scale": [0.96, 0.96, 0.96]
		},
		"head": {
			"translation": [0, 17.25, 3.75],
			"scale": [1.85, 1.85, 1.85]
		}
	}
}