{
	"credit": "Eibon_ (https://polymart.org/resource/nokotan-x27-s-antlers.6144)",
	"texture_size": [8, 8],
	"textures": {
		"0": "block/custom/antlers",
		"particle": "block/custom/antlers"
	},
	"elements": [
		{
			"from": [-7, 9.5, 7.975],
			"to": [4, 11, 9.025],
			"rotation": {"angle": 0, "axis": "y", "origin": [-1.5, 10.25, 8.5]},
			"faces": {
				"north": {"uv": [16, 3.5, 0, 6.5], "texture": "#0"},
				"east": {"uv": [0, 6.5, 2, 9.5], "texture": "#0"},
				"south": {"uv": [0, 3.5, 16, 6.5], "texture": "#0"},
				"west": {"uv": [14, 6.5, 16, 9.5], "texture": "#0"},
				"up": {"uv": [0, 3.5, 16, 5.5], "texture": "#0"},
				"down": {"uv": [0, 4.5, 16, 6.5], "texture": "#0"}
			}
		},
		{
			"from": [-8.73254, 9.84462, 8.025],
			"to": [-6.73254, 10.84462, 8.975],
			"rotation": {"angle": -22.5, "axis": "z", "origin": [-7.73254, 10.34462, 8.5]},
			"faces": {
				"north": {"uv": [0, 0, 4, 2], "texture": "#0"},
				"south": {"uv": [0, 0, 4, 2], "texture": "#0"},
				"down": {"uv": [0, 0, 4, 1.9], "texture": "#0"}
			}
		},
		{
			"from": [-8, 10, 7.975],
			"to": [-7, 11, 9.025],
			"rotation": {"angle": 0, "axis": "y", "origin": [-7.5, 10.5, 8.5]},
			"faces": {
				"north": {"uv": [0, 0, 2, 2], "texture": "#0"},
				"south": {"uv": [0, 0, 2, 2], "texture": "#0"},
				"west": {"uv": [0, 0, 2.1, 2], "texture": "#0"},
				"up": {"uv": [0, 0, 2, 2.1], "texture": "#0"},
				"down": {"uv": [0, 0, 2, 2.1], "texture": "#0"}
			}
		},
		{
			"from": [-10.20131, 10.82603, 8],
			"to": [-8.20131, 11.82603, 9],
			"rotation": {"angle": -45, "axis": "z", "origin": [-9.20131, 11.32603, 8.5]},
			"faces": {
				"north": {"uv": [0, 0, 4, 2], "texture": "#0"},
				"east": {"uv": [0, 0, 2, 2], "texture": "#0"},
				"south": {"uv": [0, 0, 4, 2], "texture": "#0"},
				"down": {"uv": [0, 0, 4, 2], "texture": "#0"}
			}
		},
		{
			"from": [-10.9045, 11.74971, 8],
			"to": [-6.6295, 12.62471, 9],
			"rotation": {"angle": -45, "axis": "z", "origin": [-8.767, 12.18721, 8.5]},
			"faces": {
				"north": {"uv": [0, 0, 8.55, 1.75], "texture": "#0"},
				"south": {"uv": [0, 0, 8.55, 1.75], "texture": "#0"},
				"up": {"uv": [0, 0, 8.55, 2], "texture": "#0"},
				"down": {"uv": [0, 0, 8.55, 2], "texture": "#0"}
			}
		},
		{
			"from": [-10.88072, 11.79023, 7.975],
			"to": [-9.70572, 14.79023, 9.025],
			"rotation": {"angle": 22.5, "axis": "z", "origin": [-10.29322, 13.29023, 8.5]},
			"faces": {
				"north": {"uv": [0, 0, 6, 2.35], "rotation": 270, "texture": "#0"},
				"east": {"uv": [0, 0, 6, 2.1], "rotation": 90, "texture": "#0"},
				"south": {"uv": [0, 0, 6, 2.35], "rotation": 90, "texture": "#0"},
				"west": {"uv": [0, 0, 6, 2.1], "rotation": 90, "texture": "#0"},
				"down": {"uv": [0, 0, 2.1, 2.35], "rotation": 90, "texture": "#0"}
			}
		},
		{
			"from": [-5.94715, 9.70083, 8.025],
			"to": [-4.94715, 14.95083, 8.975],
			"rotation": {"angle": 45, "axis": "z", "origin": [-5.44715, 12.32583, 8.5]},
			"faces": {
				"north": {"uv": [0, 0, 16, 2], "rotation": 270, "texture": "#0"},
				"east": {"uv": [0, 0, 10.5, 1.9], "rotation": 90, "texture": "#0"},
				"south": {"uv": [0, 0, 10.5, 2], "rotation": 90, "texture": "#0"},
				"west": {"uv": [0, 0, 10.5, 1.9], "rotation": 90, "texture": "#0"}
			}
		},
		{
			"from": [-7.65685, 13.82843, 8],
			"to": [-6.65685, 14.57843, 9],
			"rotation": {"angle": 0, "axis": "y", "origin": [-7.15685, 14.20343, 8.5]},
			"faces": {
				"north": {"uv": [0, 0, 1.5, 2], "rotation": 270, "texture": "#0"},
				"east": {"uv": [0, 0, 1.5, 2], "rotation": 90, "texture": "#0"},
				"south": {"uv": [0, 0, 1.5, 2], "rotation": 90, "texture": "#0"},
				"west": {"uv": [0, 0, 1.5, 2], "rotation": 90, "texture": "#0"},
				"up": {"uv": [0, 0, 2, 2], "rotation": 90, "texture": "#0"}
			}
		},
		{
			"from": [-11.40808, 14.45203, 8],
			"to": [-10.30808, 15.20203, 9],
			"rotation": {"angle": 0, "axis": "y", "origin": [-10.85808, 14.82703, 8.5]},
			"faces": {
				"north": {"uv": [0, 0, 1.5, 2.2], "rotation": 270, "texture": "#0"},
				"east": {"uv": [0, 0, 1.5, 2], "rotation": 90, "texture": "#0"},
				"south": {"uv": [0, 0, 1.5, 2.2], "rotation": 90, "texture": "#0"},
				"west": {"uv": [0, 0, 1.5, 2], "rotation": 90, "texture": "#0"},
				"up": {"uv": [0, 0, 2, 2.2], "rotation": 90, "texture": "#0"}
			}
		},
		{
			"from": [-2.94975, 13.12132, 8],
			"to": [-1.94975, 13.87132, 9],
			"rotation": {"angle": 0, "axis": "y", "origin": [-2.44975, 13.49632, 8.5]},
			"faces": {
				"north": {"uv": [0, 0, 1.5, 2], "rotation": 270, "texture": "#0"},
				"east": {"uv": [0, 0, 1.5, 2], "rotation": 90, "texture": "#0"},
				"south": {"uv": [0, 0, 1.5, 2], "rotation": 90, "texture": "#0"},
				"west": {"uv": [0, 0, 1.5, 2], "rotation": 90, "texture": "#0"},
				"up": {"uv": [0, 0, 2, 2], "rotation": 90, "texture": "#0"}
			}
		},
		{
			"from": [-1.59359, 9.84727, 8.025],
			"to": [-0.59359, 14.09727, 8.975],
			"rotation": {"angle": 45, "axis": "z", "origin": [-1.09359, 11.97227, 8.5]},
			"faces": {
				"north": {"uv": [0, 0, 8.5, 2], "rotation": 270, "texture": "#0"},
				"east": {"uv": [0, 0, 8.5, 1.9], "rotation": 90, "texture": "#0"},
				"south": {"uv": [0, 0, 8.5, 2], "rotation": 90, "texture": "#0"},
				"west": {"uv": [0, 0, 8.5, 1.9], "rotation": 90, "texture": "#0"}
			}
		},
		{
			"from": [-1.96759, 10.75506, 8.05],
			"to": [-0.96759, 12.75506, 8.95],
			"rotation": {"angle": 22.5, "axis": "z", "origin": [-1.46759, 11.75506, 8.5]},
			"faces": {
				"north": {"uv": [0, 0, 4, 2], "rotation": 270, "texture": "#0"},
				"south": {"uv": [0, 0, 4, 2], "rotation": 90, "texture": "#0"},
				"west": {"uv": [0, 0, 4, 1.8], "rotation": 90, "texture": "#0"}
			}
		},
		{
			"from": [-5.96759, 10.75506, 8.05],
			"to": [-4.96759, 12.75506, 8.95],
			"rotation": {"angle": 22.5, "axis": "z", "origin": [-5.46759, 11.75506, 8.5]},
			"faces": {
				"north": {"uv": [0, 0, 4, 2], "rotation": 270, "texture": "#0"},
				"south": {"uv": [0, 0, 4, 2], "rotation": 90, "texture": "#0"},
				"west": {"uv": [0, 0, 4, 1.8], "rotation": 90, "texture": "#0"}
			}
		},
		{
			"from": [12, 9.5, 7.975],
			"to": [23, 11, 9.025],
			"rotation": {"angle": 0, "axis": "y", "origin": [17.5, 10.25, 8.5]},
			"faces": {
				"north": {"uv": [0, 3.5, 16, 6.5], "texture": "#0"},
				"east": {"uv": [16, 6.5, 14, 9.5], "texture": "#0"},
				"south": {"uv": [16, 3.5, 0, 6.5], "texture": "#0"},
				"west": {"uv": [0, 6.5, 2, 9.5], "texture": "#0"},
				"up": {"uv": [16, 3.5, 0, 5.5], "texture": "#0"},
				"down": {"uv": [16, 4.5, 0, 6.5], "texture": "#0"}
			}
		},
		{
			"from": [22.73254, 9.84462, 8.025],
			"to": [24.73254, 10.84462, 8.975],
			"rotation": {"angle": 22.5, "axis": "z", "origin": [23.73254, 10.34462, 8.5]},
			"faces": {
				"north": {"uv": [4, 0, 0, 2], "texture": "#0"},
				"south": {"uv": [4, 0, 0, 2], "texture": "#0"},
				"down": {"uv": [4, 0, 0, 1.9], "texture": "#0"}
			}
		},
		{
			"from": [23, 10, 7.975],
			"to": [24, 11, 9.025],
			"rotation": {"angle": 0, "axis": "y", "origin": [23.5, 10.5, 8.5]},
			"faces": {
				"north": {"uv": [2, 0, 0, 2], "texture": "#0"},
				"east": {"uv": [2.1, 0, 0, 2], "texture": "#0"},
				"south": {"uv": [2, 0, 0, 2], "texture": "#0"},
				"up": {"uv": [2, 0, 0, 2.1], "texture": "#0"},
				"down": {"uv": [2, 0, 0, 2.1], "texture": "#0"}
			}
		},
		{
			"from": [24.20131, 10.82603, 8],
			"to": [26.20131, 11.82603, 9],
			"rotation": {"angle": 45, "axis": "z", "origin": [25.20131, 11.32603, 8.5]},
			"faces": {
				"north": {"uv": [4, 0, 0, 2], "texture": "#0"},
				"south": {"uv": [4, 0, 0, 2], "texture": "#0"},
				"west": {"uv": [2, 0, 0, 2], "texture": "#0"},
				"down": {"uv": [4, 0, 0, 2], "texture": "#0"}
			}
		},
		{
			"from": [22.6295, 11.74971, 8],
			"to": [26.9045, 12.62471, 9],
			"rotation": {"angle": 45, "axis": "z", "origin": [24.767, 12.18721, 8.5]},
			"faces": {
				"north": {"uv": [8.55, 0, 0, 1.75], "texture": "#0"},
				"south": {"uv": [8.55, 0, 0, 1.75], "texture": "#0"},
				"up": {"uv": [8.55, 0, 0, 2], "texture": "#0"},
				"down": {"uv": [8.55, 0, 0, 2], "texture": "#0"}
			}
		},
		{
			"from": [25.70572, 11.79023, 7.975],
			"to": [26.88072, 14.79023, 9.025],
			"rotation": {"angle": -22.5, "axis": "z", "origin": [26.29322, 13.29023, 8.5]},
			"faces": {
				"north": {"uv": [0, 2.35, 6, 0], "rotation": 270, "texture": "#0"},
				"east": {"uv": [0, 2.1, 6, 0], "rotation": 90, "texture": "#0"},
				"south": {"uv": [0, 2.35, 6, 0], "rotation": 90, "texture": "#0"},
				"west": {"uv": [0, 2.1, 6, 0], "rotation": 90, "texture": "#0"},
				"down": {"uv": [0, 2.35, 2.1, 0], "rotation": 90, "texture": "#0"}
			}
		},
		{
			"from": [20.94715, 9.70083, 8.025],
			"to": [21.94715, 14.95083, 8.975],
			"rotation": {"angle": -45, "axis": "z", "origin": [21.44715, 12.32583, 8.5]},
			"faces": {
				"north": {"uv": [0, 2, 16, 0], "rotation": 270, "texture": "#0"},
				"east": {"uv": [0, 1.9, 10.5, 0], "rotation": 90, "texture": "#0"},
				"south": {"uv": [0, 2, 10.5, 0], "rotation": 90, "texture": "#0"},
				"west": {"uv": [0, 1.9, 10.5, 0], "rotation": 90, "texture": "#0"}
			}
		},
		{
			"from": [22.65685, 13.82843, 8],
			"to": [23.65685, 14.57843, 9],
			"rotation": {"angle": 0, "axis": "y", "origin": [23.15685, 14.20343, 8.5]},
			"faces": {
				"north": {"uv": [0, 2, 1.5, 4], "rotation": 270, "texture": "#0"},
				"east": {"uv": [0, 2, 1.5, 4], "rotation": 90, "texture": "#0"},
				"south": {"uv": [0, 2, 1.5, 4], "rotation": 90, "texture": "#0"},
				"west": {"uv": [0, 2, 1.5, 4], "rotation": 90, "texture": "#0"},
				"up": {"uv": [0, 2, 2, 4], "rotation": 90, "texture": "#0"}
			}
		},
		{
			"from": [26.30808, 14.45203, 8],
			"to": [27.40808, 15.20203, 9],
			"rotation": {"angle": 0, "axis": "y", "origin": [26.85808, 14.82703, 8.5]},
			"faces": {
				"north": {"uv": [0, 2.2, 1.5, 0], "rotation": 270, "texture": "#0"},
				"east": {"uv": [0, 2, 1.5, 0], "rotation": 90, "texture": "#0"},
				"south": {"uv": [0, 2.2, 1.5, 0], "rotation": 90, "texture": "#0"},
				"west": {"uv": [0, 2, 1.5, 0], "rotation": 90, "texture": "#0"},
				"up": {"uv": [0, 2.2, 2, 0], "rotation": 90, "texture": "#0"}
			}
		},
		{
			"from": [17.94975, 13.12132, 8],
			"to": [18.94975, 13.87132, 9],
			"rotation": {"angle": 0, "axis": "y", "origin": [18.44975, 13.49632, 8.5]},
			"faces": {
				"north": {"uv": [0, 2, 1.5, 0], "rotation": 270, "texture": "#0"},
				"east": {"uv": [0, 2, 1.5, 0], "rotation": 90, "texture": "#0"},
				"south": {"uv": [0, 2, 1.5, 0], "rotation": 90, "texture": "#0"},
				"west": {"uv": [0, 2, 1.5, 0], "rotation": 90, "texture": "#0"},
				"up": {"uv": [0, 2, 2, 0], "rotation": 90, "texture": "#0"}
			}
		},
		{
			"from": [16.59359, 9.84727, 8.025],
			"to": [17.59359, 14.09727, 8.975],
			"rotation": {"angle": -45, "axis": "z", "origin": [17.09359, 11.97227, 8.5]},
			"faces": {
				"north": {"uv": [0, 2, 8.5, 0], "rotation": 270, "texture": "#0"},
				"east": {"uv": [0, 1.9, 8.5, 0], "rotation": 90, "texture": "#0"},
				"south": {"uv": [0, 2, 8.5, 0], "rotation": 90, "texture": "#0"},
				"west": {"uv": [0, 1.9, 8.5, 0], "rotation": 90, "texture": "#0"}
			}
		},
		{
			"from": [16.96759, 10.75506, 8.05],
			"to": [17.96759, 12.75506, 8.95],
			"rotation": {"angle": -22.5, "axis": "z", "origin": [17.46759, 11.75506, 8.5]},
			"faces": {
				"north": {"uv": [0, 2, 4, 0], "rotation": 270, "texture": "#0"},
				"east": {"uv": [0, 1.8, 4, 0], "rotation": 90, "texture": "#0"},
				"south": {"uv": [0, 2, 4, 0], "rotation": 90, "texture": "#0"}
			}
		},
		{
			"from": [20.96759, 10.75506, 8.05],
			"to": [21.96759, 12.75506, 8.95],
			"rotation": {"angle": -22.5, "axis": "z", "origin": [21.46759, 11.75506, 8.5]},
			"faces": {
				"north": {"uv": [0, 2, 4, 0], "rotation": 270, "texture": "#0"},
				"east": {"uv": [0, 1.8, 4, 0], "rotation": 90, "texture": "#0"},
				"south": {"uv": [0, 2, 4, 0], "rotation": 90, "texture": "#0"}
			}
		}
	],
	"display": {
		"thirdperson_righthand": {
			"rotation": [-100, 90, 15],
			"translation": [0, -1.75, 1.5],
			"scale": [0.375, 0.375, 0.375]
		},
		"thirdperson_lefthand": {
			"rotation": [-100, 90, 15],
			"translation": [0, -1.75, 1.5],
			"scale": [0.375, 0.375, 0.375]
		},
		"firstperson_righthand": {
			"rotation": [-100, 110, 15],
			"translation": [0, -1.75, 1.5],
			"scale": [0.6, 0.6, 0.6]
		},
		"ground": {
			"translation": [0, -4.5, 0],
			"scale": [0.8, 0.8, 0.8]
		},
		"gui": {
			"rotation": [-165, -50, 160],
			"translation": [0.5, -3, 0],
			"scale": [0.8, 0.8, 0.8]
		},
		"fixed": {
			"rotation": [0, 0, -46],
			"translation": [-3.25, -2.75, -0.75]
		}
	}
}