{
	"credit": "Made with Blockbench",
	"texture_size": [32, 32],
	"textures": {
		"0": "block/custom/arrow",
		"particle": "block/custom/arrow"
	},
	"elements": [
		{
			"from": [0, 6, 0],
			"to": [12, 9, 2],
			"rotation": {"angle": 0, "axis": "y", "origin": [2, -1, 0]},
			"faces": {
				"north": {"uv": [0, 0, 6, 1], "texture": "#0"},
				"east": {"uv": [3, 6, 4, 7], "texture": "#0"},
				"south": {"uv": [0, 1, 6, 2], "texture": "#0"},
				"west": {"uv": [4, 6, 5, 7], "texture": "#0"},
				"up": {"uv": [6, 3, 0, 2], "texture": "#0"},
				"down": {"uv": [6, 3, 0, 4], "texture": "#0"}
			}
		},
		{
			"from": [7, -1, 0],
			"to": [9, 6, 2],
			"rotation": {"angle": 45, "axis": "z", "origin": [0, 9, 0]},
			"faces": {
				"north": {"uv": [0, 6, 1, 9.5], "texture": "#0"},
				"east": {"uv": [6, 0, 7, 3.5], "texture": "#0"},
				"south": {"uv": [1, 6, 2, 9.5], "texture": "#0"},
				"west": {"uv": [2, 6, 3, 9.5], "texture": "#0"},
				"up": {"uv": [6, 7, 5, 6], "texture": "#0"},
				"down": {"uv": [7, 6, 6, 7], "texture": "#0"}
			}
		},
		{
			"from": [-1, 7, 0],
			"to": [7, 9, 2],
			"rotation": {"angle": 45, "axis": "z", "origin": [10, 16, 0]},
			"faces": {
				"north": {"uv": [0, 4, 4, 5], "texture": "#0"},
				"east": {"uv": [7, 0, 8, 1], "texture": "#0"},
				"south": {"uv": [4, 4, 8, 5], "texture": "#0"},
				"west": {"uv": [7, 1, 8, 2], "texture": "#0"},
				"up": {"uv": [4, 6, 0, 5], "texture": "#0"},
				"down": {"uv": [8, 5, 4, 6], "texture": "#0"}
			}
		}
	],
	"display": {
		"thirdperson_righthand": {
			"rotation": [97, 0, 0],
			"translation": [2.75, -7, 0]
		},
		"thirdperson_lefthand": {
			"rotation": [97.1, 170, -1.52],
			"translation": [2.75, 7.25, 2]
		},
		"firstperson_righthand": {
			"rotation": [0, 125, 0],
			"translation": [6.5, 0, -9.25]
		},
		"firstperson_lefthand": {
			"rotation": [0, -34, 0],
			"translation": [-1.25, 0, 0.5]
		},
		"ground": {
			"rotation": [93, 0, 0],
			"translation": [1.25, -10.25, 0]
		},
		"gui": {
			"translation": [1.25, 0, 0]
		},
		"head": {
			"translation": [0, 0.5, 0]
		},
		"fixed": {
			"translation": [2.5, 0, 9],
			"scale": [1.96, 1.76, 1.47]
		}
	},
	"groups": [
		{
			"name": "group",
			"origin": [0, 9, 0],
			"color": 0,
			"children": [0, 1, 2]
		}
	]
}
