{
	"credit": "© 2015-2023 MadstonMagic. All rights reserved. https://madstonmagic.github.io/shop/. Made using BlockBench",
	"texture_size": [64, 64],
	"textures": {
		"base": "block/custom/fishing_hat"
	},
	"elements": [
		{
			"from": [-2, 0, -2],
			"to": [18, 4, 18],
			"rotation": {"angle": 0, "axis": "y", "origin": [8, 8, 8]},
			"faces": {
				"north": {"uv": [5, 3.5, 10, 4.5], "texture": "#base"},
				"east": {"uv": [5, 4.5, 10, 5.5], "texture": "#base"},
				"south": {"uv": [5, 5.5, 10, 6.5], "texture": "#base"},
				"west": {"uv": [5, 6.5, 10, 7.5], "texture": "#base"},
				"up": {"uv": [5, 5, 0, 0], "texture": "#base"},
				"down": {"uv": [5, 5, 0, 10], "texture": "#base"}
			}
		},
		{
			"from": [-7.5349, 4.28356, -2],
			"to": [-3.5349, 6.28356, 18],
			"rotation": {"angle": 22.5, "axis": "z", "origin": [8, 8, 8]},
			"faces": {
				"north": {"uv": [8.5, 3, 9.5, 3.5], "texture": "#base"},
				"south": {"uv": [1, 11, 2, 11.5], "texture": "#base"},
				"west": {"uv": [10, 7, 15, 7.5], "texture": "#base"},
				"up": {"uv": [6, 12.5, 5, 7.5], "texture": "#base"},
				"down": {"uv": [7, 7.5, 6, 12.5], "texture": "#base"}
			}
		},
		{
			"from": [19.5349, 4.28356, -2],
			"to": [23.5349, 6.28356, 18],
			"rotation": {"angle": -22.5, "axis": "z", "origin": [8, 8, 8]},
			"faces": {
				"north": {"uv": [2, 11, 3, 11.5], "texture": "#base"},
				"east": {"uv": [10, 8.5, 15, 9], "texture": "#base"},
				"south": {"uv": [3, 11, 4, 11.5], "texture": "#base"},
				"up": {"uv": [8, 12.5, 7, 7.5], "texture": "#base"},
				"down": {"uv": [9, 7.5, 8, 12.5], "texture": "#base"}
			}
		},
		{
			"from": [-2, 4.28356, -7.5349],
			"to": [18, 6.28356, -3.5349],
			"rotation": {"angle": -22.5, "axis": "x", "origin": [8, 8, 8]},
			"faces": {
				"north": {"uv": [10, 9.5, 15, 10], "texture": "#base"},
				"east": {"uv": [11, 10, 12, 10.5], "texture": "#base"},
				"west": {"uv": [11, 10.5, 12, 11], "texture": "#base"},
				"up": {"uv": [13.5, 3, 8.5, 2], "texture": "#base"},
				"down": {"uv": [14, 7.5, 9, 8.5], "texture": "#base"}
			}
		},
		{
			"from": [-2, 4.28356, 19.5349],
			"to": [18, 6.28356, 23.5349],
			"rotation": {"angle": 22.5, "axis": "x", "origin": [8, 8, 8]},
			"faces": {
				"east": {"uv": [4, 11, 5, 11.5], "texture": "#base"},
				"south": {"uv": [10, 9, 15, 9.5], "texture": "#base"},
				"west": {"uv": [10, 11, 11, 11.5], "texture": "#base"},
				"up": {"uv": [13.5, 1, 8.5, 0], "texture": "#base"},
				"down": {"uv": [13.5, 1, 8.5, 2], "texture": "#base"}
			}
		},
		{
			"from": [1, 4, 1],
			"to": [15, 8, 15],
			"rotation": {"angle": 0, "axis": "y", "origin": [8, 8, 8]},
			"faces": {
				"north": {"uv": [10, 3, 13.5, 4], "texture": "#base"},
				"east": {"uv": [10, 4, 13.5, 5], "texture": "#base"},
				"south": {"uv": [10, 5, 13.5, 6], "texture": "#base"},
				"west": {"uv": [10, 6, 13.5, 7], "texture": "#base"},
				"up": {"uv": [8.5, 3.5, 5, 0], "texture": "#base"}
			}
		},
		{
			"from": [0.75, 5, 0.75],
			"to": [15.25, 7, 15.25],
			"rotation": {"angle": 0, "axis": "y", "origin": [8, 8, 8]},
			"faces": {
				"north": {"uv": [12, 10, 15.5, 10.5], "texture": "#base"},
				"east": {"uv": [12, 10.5, 15.5, 11], "texture": "#base"},
				"south": {"uv": [12, 11.5, 15.5, 12], "texture": "#base"},
				"west": {"uv": [12, 11, 15.5, 11.5], "texture": "#base"}
			}
		},
		{
			"from": [6, 8, 6],
			"to": [10, 10, 10],
			"rotation": {"angle": 0, "axis": "y", "origin": [8, 8, 8]},
			"faces": {
				"north": {"uv": [11, 11, 12, 11.5], "texture": "#base"},
				"east": {"uv": [1, 11.5, 2, 12], "texture": "#base"},
				"south": {"uv": [2, 11.5, 3, 12], "texture": "#base"},
				"west": {"uv": [3, 11.5, 4, 12], "texture": "#base"},
				"up": {"uv": [11, 11, 10, 10], "texture": "#base"}
			}
		},
		{
			"name": "cord_pos",
			"from": [0, -16, 6],
			"to": [16, 0, 10],
			"rotation": {"angle": 0, "axis": "z", "origin": [16, 0, 8]},
			"faces": {
				"east": {"uv": [9, 8.5, 10, 12.5], "texture": "#base"},
				"west": {"uv": [0, 10, 1, 14], "texture": "#base"},
				"down": {"uv": [5, 10, 1, 11], "texture": "#base"}
			}
		},
		{
			"name": "cord_neg",
			"from": [15.875, 0, 10],
			"to": [0.125, -15.875, 6],
			"rotation": {"angle": 0, "axis": "z", "origin": [16, 0, 8]},
			"faces": {
				"east": {"uv": [0, 14, 1, 10], "texture": "#base"},
				"west": {"uv": [9, 12.5, 10, 8.5], "texture": "#base"},
				"up": {"uv": [1, 10, 5, 11], "texture": "#base"}
			}
		},
		{
			"from": [0, 3, 2],
			"to": [0, 7, 8],
			"rotation": {"angle": 22.5, "axis": "x", "origin": [0, 8, 6]},
			"faces": {
				"east": {"uv": [4, 13, 5.5, 14], "texture": "#base"},
				"west": {"uv": [4, 14, 5.5, 15], "texture": "#base"}
			}
		},
		{
			"from": [-0.5, 11, 6.5],
			"to": [0.5, 13, 7.5],
			"rotation": {"angle": 22.5, "axis": "x", "origin": [0, 8, 6]},
			"faces": {
				"north": {"uv": [2.5, 14.5, 3, 15.5], "texture": "#base"},
				"east": {"uv": [1.5, 14.5, 2, 15.5], "texture": "#base"},
				"south": {"uv": [3, 14.5, 3.5, 15.5], "texture": "#base"},
				"west": {"uv": [2, 14.5, 2.5, 15.5], "texture": "#base"},
				"up": {"uv": [1, 14.5, 1.5, 15], "texture": "#base"}
			}
		},
		{
			"from": [-1, 7, 6],
			"to": [1, 11, 8],
			"rotation": {"angle": 22.5, "axis": "x", "origin": [0, 8, 6]},
			"faces": {
				"north": {"uv": [2.5, 13, 3, 14], "texture": "#base"},
				"east": {"uv": [1.5, 13, 2, 14], "texture": "#base"},
				"south": {"uv": [3, 13, 3.5, 14], "texture": "#base"},
				"west": {"uv": [2, 13, 2.5, 14], "texture": "#base"},
				"up": {"uv": [1.5, 12.5, 2, 13], "texture": "#base"},
				"down": {"uv": [2, 12.5, 2.5, 13], "texture": "#base"}
			}
		}
	],
	"gui_light": "front",
	"display": {
		"thirdperson_righthand": {
			"rotation": [39, 36, 28],
			"translation": [-1.75, 3.5, 0],
			"scale": [0.3, 0.3, 0.3]
		},
		"thirdperson_lefthand": {
			"rotation": [39, 36, 28],
			"translation": [-1.75, 3.5, 0],
			"scale": [0.3, 0.3, 0.3]
		},
		"firstperson_righthand": {
			"rotation": [-11, 36, 19],
			"translation": [-1.75, 3.5, 0],
			"scale": [0.5, 0.5, 0.5]
		},
		"firstperson_lefthand": {
			"rotation": [-11, 36, 19],
			"translation": [-1.75, 3.5, 0],
			"scale": [0.5, 0.5, 0.5]
		},
		"ground": {
			"translation": [0, 6, 0],
			"scale": [0.3, 0.3, 0.3]
		},
		"gui": {
			"rotation": [30, 135, 0],
			"translation": [0, 4, 0],
			"scale": [0.45, 0.45, 0.45]
		},
		"head": {
			"rotation": [4, 0, 4],
			"translation": [-0.5, 12, 0.75]
		}
	}
}