{
	"credit": "@LoreksProjects on telegram",
	"texture_size": [64, 64],
	"textures": {
		"1": "block/custom/mushroomhat",
		"particle": "block/custom/mushroomhat"
	},
	"elements": [
		{
			"from": [-0.5, 0, -0.5],
			"to": [16.5, 10, 16.5],
			"rotation": {"angle": 0, "axis": "y", "origin": [8, -6.5, 8]},
			"faces": {
				"north": {"uv": [4, 6.75, 8, 9], "texture": "#1"},
				"east": {"uv": [0, 6.75, 4, 9], "texture": "#1"},
				"south": {"uv": [0, 9.25, 4, 11.5], "texture": "#1"},
				"west": {"uv": [8, 6.75, 12, 9], "texture": "#1"},
				"up": {"uv": [8.25, 13.25, 4.25, 9.25], "texture": "#1"},
				"down": {"uv": [28, 0, 24, 4], "texture": "#1"}
			}
		},
		{
			"from": [0, 0.5, 0],
			"to": [16, 9.5, 16],
			"rotation": {"angle": 0, "axis": "y", "origin": [8, -6.5, 8]},
			"faces": {
				"north": {"uv": [4.25, 4.25, 8.25, 6.5], "texture": "#1"},
				"east": {"uv": [0, 4.25, 4, 6.5], "texture": "#1"},
				"south": {"uv": [8.5, 2.5, 12.5, 4.75], "texture": "#1"},
				"west": {"uv": [8.5, 0, 12.5, 2.25], "texture": "#1"},
				"up": {"uv": [4, 4, 0, 0], "texture": "#1"},
				"down": {"uv": [8.25, 0, 4.25, 4], "texture": "#1"}
			}
		},
		{
			"name": "cube inverted",
			"from": [16.5, 10, 16.5],
			"to": [-0.5, 0, -0.5],
			"rotation": {"angle": 0, "axis": "y", "origin": [8, -6.5, 8]},
			"faces": {
				"north": {"uv": [0, 11.5, 4, 9.25], "texture": "#1"},
				"east": {"uv": [8, 9, 12, 6.75], "texture": "#1"},
				"south": {"uv": [4, 9, 8, 6.75], "texture": "#1"},
				"west": {"uv": [0, 9, 4, 6.75], "texture": "#1"},
				"up": {"uv": [24, 0, 28, 4], "texture": "#1"},
				"down": {"uv": [4.25, 13.25, 8.25, 9.25], "texture": "#1"}
			}
		}
	],
	"gui_light": "front",
	"display": {
		"thirdperson_righthand": {
			"rotation": [75, -135, 0],
			"translation": [0, 2.5, 0],
			"scale": [0.3, 0.3, 0.3]
		},
		"thirdperson_lefthand": {
			"rotation": [75, -135, 0],
			"translation": [0, 2.5, 0],
			"scale": [0.3, 0.3, 0.3]
		},
		"firstperson_righthand": {
			"rotation": [0, -77.5, 25],
			"translation": [1.13, 3.2, 2.38],
			"scale": [0.3, 0.3, 0.3]
		},
		"firstperson_lefthand": {
			"rotation": [0, -77.5, 25],
			"translation": [1.13, 3.2, 2.38],
			"scale": [0.3, 0.3, 0.3]
		},
		"ground": {
			"translation": [0, 2, 0],
			"scale": [0.5, 0.5, 0.5]
		},
		"gui": {
			"rotation": [30, 22.5, 0],
			"translation": [0, 1, 0],
			"scale": [0.7, 0.7, 0.7]
		},
		"head": {
			"rotation": [11.25, 0, 0],
			"translation": [0, 9.5, 2.5],
			"scale": [1.5, 1.5, 1.5]
		},
		"fixed": {
			"rotation": [0, 180, 0]
		}
	},
	"groups": [
		{
			"name": "group",
			"origin": [0, 2, 0],
			"color": 0,
			"boneType": "",
			"children": [0, 1, 2]
		}
	]
}