{
	"credit": "Made with Blockbench",
	"textures": {
		"1": "block/custom/redhat"
	},
	"elements": [
		{
			"from": [0, 0, 0],
			"to": [16, 2, 16],
			"faces": {
				"north": {"uv": [9.025, 7.025, 12.975, 7.475], "texture": "#1"},
				"east": {"uv": [9.025, 6.525, 12.975, 6.975], "texture": "#1"},
				"south": {"uv": [9.025, 7.025, 12.975, 7.475], "texture": "#1"},
				"west": {"uv": [9.025, 6.525, 12.975, 6.975], "texture": "#1"},
				"up": {"uv": [3.975, 3.975, 0.025, 0.025], "texture": "#1"},
				"down": {"uv": [9.975, 7.275, 9.775, 7.475], "texture": "#1"}
			}
		},
		{
			"from": [2, -3.8, 1.7],
			"to": [14, 4.1, 13.7],
			"rotation": {"angle": -22.5, "axis": "x", "origin": [0, 0, 0]},
			"faces": {
				"north": {"uv": [7.025, 2.025, 9.975, 3.975], "texture": "#1"},
				"east": {"uv": [9.975, 2.025, 7.025, 3.975], "texture": "#1"},
				"south": {"uv": [7.025, 2.025, 9.975, 3.975], "texture": "#1"},
				"west": {"uv": [9.975, 2.025, 7.025, 3.975], "texture": "#1"},
				"up": {"uv": [9.225, 2.475, 8.275, 2.025], "texture": "#1"},
				"down": {"uv": [6.975, 3.025, 4.025, 5.975], "texture": "#1"}
			}
		},
		{
			"from": [4, -0.9, 4.7],
			"to": [12, 4.1, 12.7],
			"rotation": {"angle": -45, "axis": "x", "origin": [0, 0, 0]},
			"faces": {
				"north": {"uv": [6.025, 8.025, 7.975, 9.475], "texture": "#1"},
				"east": {"uv": [7.975, 8.025, 6.025, 9.475], "texture": "#1"},
				"south": {"uv": [6.025, 8.025, 7.975, 9.475], "texture": "#1"},
				"west": {"uv": [7.975, 8.025, 6.025, 9.475], "texture": "#1"},
				"up": {"uv": [8.975, 7.975, 7.025, 6.025], "texture": "#1"},
				"down": {"uv": [1.975, 8.025, 0.025, 9.975], "texture": "#1"}
			}
		},
		{
			"from": [6, 4.1, 6.7],
			"to": [10, 7.1, 10.7],
			"rotation": {"angle": -45, "axis": "x", "origin": [0, 0, 0]},
			"faces": {
				"north": {"uv": [8.525, 9.525, 9.475, 10.225], "texture": "#1"},
				"east": {"uv": [8.525, 9.525, 9.475, 10.225], "texture": "#1"},
				"south": {"uv": [8.525, 9.525, 9.475, 10.225], "texture": "#1"},
				"west": {"uv": [8.525, 9.525, 9.475, 10.225], "texture": "#1"},
				"up": {"uv": [8.475, 2.225, 8.275, 2.025], "texture": "#1"},
				"down": {"uv": [3.975, 9.525, 3.025, 10.475], "texture": "#1"}
			}
		},
		{
			"from": [5.7, -2, 13.7],
			"to": [10.7, 1, 14.7],
			"rotation": {"angle": -22.5, "axis": "x", "origin": [0, 0, 0]},
			"faces": {
				"north": {"uv": [4.025, 9.525, 5.225, 10.225], "texture": "#1"},
				"east": {"uv": [10.025, 0.525, 10.475, 1.225], "texture": "#1"},
				"south": {"uv": [5.275, 9.525, 6.475, 10.225], "texture": "#1"},
				"west": {"uv": [1.275, 10.025, 1.725, 10.725], "texture": "#1"},
				"up": {"uv": [1.225, 10.475, 0.025, 10.025], "texture": "#1"},
				"down": {"uv": [11.225, 0.025, 10.025, 0.475], "texture": "#1"}
			}
		}
	],
	"display": {
		"thirdperson_righthand": {
			"rotation": [0, 180, 0],
			"translation": [0, 3.5, 2.25],
			"scale": [0.51172, 0.51172, 0.51172]
		},
		"thirdperson_lefthand": {
			"rotation": [0, 180, 0],
			"translation": [0, 3.25, 3],
			"scale": [0.51172, 0.51172, 0.51172]
		},
		"firstperson_righthand": {
			"rotation": [0, -48.25, 0],
			"translation": [0, 6.75, 1.5],
			"scale": [0.51172, 0.51172, 0.51172]
		},
		"firstperson_lefthand": {
			"rotation": [0, -57.5, 0],
			"translation": [1, 5.75, 0],
			"scale": [0.51172, 0.51172, 0.51172]
		},
		"ground": {
			"translation": [0, 3.5, 0],
			"scale": [0.75977, 0.75977, 0.75977]
		},
		"gui": {
			"rotation": [70.16, -32.84, 22.33],
			"translation": [-1, 1.5, 0],
			"scale": [0.6543, 0.6543, 0.6543]
		},
		"head": {
			"rotation": [0, 180, 0],
			"translation": [0, 12.5, 0]
		},
		"fixed": {
			"rotation": [0, 180, 0]
		}
	}
}