{
	"credit": "© 2015-2023 MadstonMagic. All rights reserved. https://madstonmagic.github.io/shop/. Made using BlockBench",
	"texture_size": [64, 64],
	"textures": {
		"base": "block/custom/snorkel_hat"
	},
	"elements": [
		{
			"from": [-3, 9, -2],
			"to": [5, 11, 0],
			"rotation": {"angle": 0, "axis": "y", "origin": [8, 12, 8]},
			"faces": {
				"north": {"uv": [8, 5, 10, 5.5], "texture": "#base"},
				"south": {"uv": [8, 5.5, 10, 6], "texture": "#base"},
				"west": {"uv": [10, 4, 10.5, 4.5], "texture": "#base"},
				"up": {"uv": [10, 4.5, 8, 4], "texture": "#base"},
				"down": {"uv": [10, 4.5, 8, 5], "texture": "#base"}
			}
		},
		{
			"from": [7, 4, -2],
			"to": [9, 6, 0],
			"rotation": {"angle": 0, "axis": "y", "origin": [8, 8, 8]},
			"faces": {
				"north": {"uv": [6.5, 3, 7, 3.5], "texture": "#base"},
				"south": {"uv": [6.5, 3.5, 7, 4], "texture": "#base"},
				"up": {"uv": [7, 3, 7.5, 3.5], "texture": "#base"},
				"down": {"uv": [7, 3.5, 7.5, 4], "texture": "#base"}
			}
		},
		{
			"from": [5, 1, -2],
			"to": [7, 11, 0],
			"rotation": {"angle": 0, "axis": "y", "origin": [8, 8, 8]},
			"faces": {
				"north": {"uv": [0, 8.5, 0.5, 11], "texture": "#base"},
				"east": {"uv": [1, 8.5, 1.5, 11], "texture": "#base"},
				"south": {"uv": [0.5, 8.5, 1, 11], "texture": "#base"},
				"west": {"uv": [1.5, 8.5, 2, 11], "texture": "#base"},
				"up": {"uv": [0.5, 11.5, 0, 11], "texture": "#base"},
				"down": {"uv": [1, 11, 0.5, 11.5], "texture": "#base"}
			}
		},
		{
			"from": [9, 1, -2],
			"to": [11, 11, 0],
			"rotation": {"angle": 0, "axis": "y", "origin": [8, 8, 8]},
			"faces": {
				"north": {"uv": [4, 8.5, 4.5, 11], "texture": "#base"},
				"east": {"uv": [5, 8.5, 5.5, 11], "texture": "#base"},
				"south": {"uv": [4.5, 8.5, 5, 11], "texture": "#base"},
				"west": {"uv": [5.5, 8.5, 6, 11], "texture": "#base"},
				"up": {"uv": [4.5, 11.5, 4, 11], "texture": "#base"},
				"down": {"uv": [5, 11, 4.5, 11.5], "texture": "#base"}
			}
		},
		{
			"from": [19, -1, -2],
			"to": [21, 9, 0],
			"rotation": {"angle": 0, "axis": "y", "origin": [8, 8, 8]},
			"faces": {
				"north": {"uv": [6, 8.5, 6.5, 11], "texture": "#base"},
				"east": {"uv": [7, 8.5, 7.5, 11], "texture": "#base"},
				"south": {"uv": [6.5, 8.5, 7, 11], "texture": "#base"},
				"west": {"uv": [7.5, 8.5, 8, 11], "texture": "#base"},
				"up": {"uv": [6.5, 11.5, 6, 11], "texture": "#base"},
				"down": {"uv": [7, 11, 6.5, 11.5], "texture": "#base"}
			}
		},
		{
			"from": [-5, -1, -2],
			"to": [-3, 9, 0],
			"rotation": {"angle": 0, "axis": "y", "origin": [8, 8, 8]},
			"faces": {
				"north": {"uv": [2, 8.5, 2.5, 11], "texture": "#base"},
				"east": {"uv": [3, 8.5, 3.5, 11], "texture": "#base"},
				"south": {"uv": [2.5, 8.5, 3, 11], "texture": "#base"},
				"west": {"uv": [3.5, 8.5, 4, 11], "texture": "#base"},
				"up": {"uv": [2.5, 11.5, 2, 11], "texture": "#base"},
				"down": {"uv": [3, 11, 2.5, 11.5], "texture": "#base"}
			}
		},
		{
			"from": [19, 3, 0],
			"to": [21, 5, 18],
			"rotation": {"angle": 0, "axis": "y", "origin": [8, 8, 8]},
			"faces": {
				"east": {"uv": [10.5, 2, 15, 2.5], "texture": "#base"},
				"west": {"uv": [10.5, 2.5, 15, 3], "texture": "#base"},
				"up": {"uv": [11, 8.5, 10.5, 4], "texture": "#base"},
				"down": {"uv": [11.5, 4, 11, 8.5], "texture": "#base"}
			}
		},
		{
			"from": [-5, 3, 18],
			"to": [21, 5, 20],
			"rotation": {"angle": 0, "axis": "y", "origin": [8, 8, 7]},
			"faces": {
				"north": {"uv": [0, 12, 6.5, 12.5], "texture": "#base"},
				"east": {"uv": [6.5, 11.5, 7, 12], "texture": "#base"},
				"south": {"uv": [0, 11.5, 6.5, 12], "texture": "#base"},
				"west": {"uv": [6.5, 12, 7, 12.5], "texture": "#base"},
				"up": {"uv": [13, 10.5, 12.5, 4], "rotation": 90, "texture": "#base"},
				"down": {"uv": [13.5, 4, 13, 10.5], "rotation": 270, "texture": "#base"}
			}
		},
		{
			"from": [-5, 3, 0],
			"to": [-3, 5, 18],
			"rotation": {"angle": 0, "axis": "y", "origin": [8, 8, 8]},
			"faces": {
				"east": {"uv": [10.5, 3, 15, 3.5], "texture": "#base"},
				"west": {"uv": [10.5, 3.5, 15, 4], "texture": "#base"},
				"up": {"uv": [12, 8.5, 11.5, 4], "texture": "#base"},
				"down": {"uv": [12.5, 4, 12, 8.5], "texture": "#base"}
			}
		},
		{
			"from": [2, 16, 1.5],
			"to": [4, 20, 3.5],
			"rotation": {"angle": 45, "axis": "x", "origin": [-7, 17, 0.5]},
			"faces": {
				"north": {"uv": [12, 10.5, 11.5, 9.5], "rotation": 180, "texture": "#base"},
				"east": {"uv": [11.5, 8.5, 12.5, 9], "rotation": 90, "texture": "#base"},
				"south": {"uv": [12.5, 9.5, 12, 10.5], "texture": "#base"},
				"west": {"uv": [11.5, 9, 12.5, 9.5], "rotation": 270, "texture": "#base"}
			}
		},
		{
			"from": [2, 20, 1.5],
			"to": [4, 24, 3.5],
			"rotation": {"angle": 45, "axis": "x", "origin": [-7, 17, 0.5]},
			"faces": {
				"north": {"uv": [12, 11.5, 11.5, 10.5], "rotation": 180, "texture": "#base"},
				"east": {"uv": [10.5, 8.5, 11.5, 9], "rotation": 90, "texture": "#base"},
				"south": {"uv": [12.5, 10.5, 12, 11.5], "texture": "#base"},
				"west": {"uv": [10.5, 9, 11.5, 9.5], "rotation": 270, "texture": "#base"},
				"up": {"uv": [10, 9, 10.5, 9.5], "texture": "#base"}
			}
		},
		{
			"from": [-8.5, -7.41421, 0.5],
			"to": [-6.5, 6.58579, 2.5],
			"rotation": {"angle": 0, "axis": "z", "origin": [-8.5, 5.5, -3.5]},
			"faces": {
				"north": {"uv": [11, 15, 10.5, 11.5], "rotation": 180, "texture": "#base"},
				"east": {"uv": [12, 15, 11.5, 11.5], "rotation": 180, "texture": "#base"},
				"south": {"uv": [11.5, 15, 11, 11.5], "rotation": 180, "texture": "#base"},
				"west": {"uv": [12.5, 15, 12, 11.5], "rotation": 180, "texture": "#base"}
			}
		},
		{
			"from": [-9.5, 5.5, 0],
			"to": [-5.5, 21.5, 4],
			"rotation": {"angle": -45, "axis": "z", "origin": [-8.5, 5.5, -3.5]},
			"faces": {
				"north": {"uv": [14.5, 8, 13.5, 4], "rotation": 180, "texture": "#base"},
				"east": {"uv": [14.5, 14, 13.5, 10], "rotation": 180, "texture": "#base"},
				"south": {"uv": [15.5, 4, 14.5, 8], "texture": "#base"},
				"west": {"uv": [15.5, 14, 14.5, 10], "rotation": 180, "texture": "#base"},
				"up": {"uv": [13.5, 11.5, 12.5, 10.5], "rotation": 180, "texture": "#base"},
				"down": {"uv": [13.5, 12.5, 12.5, 11.5], "rotation": 180, "texture": "#base"}
			}
		},
		{
			"from": [0, -4.5, -0.5],
			"to": [10, -0.5, 3.5],
			"rotation": {"angle": -45, "axis": "z", "origin": [-8.5, 5.5, -3.5]},
			"faces": {
				"north": {"uv": [2.5, 12.5, 0, 13.5], "texture": "#base"},
				"east": {"uv": [6, 12.5, 5, 13.5], "texture": "#base"},
				"south": {"uv": [2.5, 13.5, 0, 14.5], "texture": "#base"},
				"west": {"uv": [6, 13.5, 5, 14.5], "texture": "#base"},
				"up": {"uv": [5, 12.5, 2.5, 13.5], "texture": "#base"},
				"down": {"uv": [5, 13.5, 2.5, 14.5], "texture": "#base"}
			}
		},
		{
			"from": [-3, -1, -2],
			"to": [5, 1, 0],
			"rotation": {"angle": 0, "axis": "y", "origin": [8, 8, 8]},
			"faces": {
				"north": {"uv": [8, 7, 10, 7.5], "texture": "#base"},
				"east": {"uv": [10, 6, 10.5, 6.5], "texture": "#base"},
				"south": {"uv": [8, 7.5, 10, 8], "texture": "#base"},
				"up": {"uv": [10, 6.5, 8, 6], "texture": "#base"},
				"down": {"uv": [10, 6.5, 8, 7], "texture": "#base"}
			}
		},
		{
			"from": [11, -1, -2],
			"to": [19, 1, 0],
			"rotation": {"angle": 0, "axis": "y", "origin": [8, 8, 8]},
			"faces": {
				"north": {"uv": [8, 11, 10, 11.5], "texture": "#base"},
				"south": {"uv": [8, 11.5, 10, 12], "texture": "#base"},
				"west": {"uv": [10, 10, 10.5, 10.5], "texture": "#base"},
				"up": {"uv": [10, 10.5, 8, 10], "texture": "#base"},
				"down": {"uv": [10, 10.5, 8, 11], "texture": "#base"}
			}
		},
		{
			"from": [11, 9, -2],
			"to": [19, 11, 0],
			"rotation": {"angle": 0, "axis": "y", "origin": [8, 12, 8]},
			"faces": {
				"north": {"uv": [8, 9, 10, 9.5], "texture": "#base"},
				"east": {"uv": [10, 8, 10.5, 8.5], "texture": "#base"},
				"south": {"uv": [8, 9.5, 10, 10], "texture": "#base"},
				"up": {"uv": [10, 8.5, 8, 8], "texture": "#base"},
				"down": {"uv": [10, 8.5, 8, 9], "texture": "#base"}
			}
		},
		{
			"name": "glass",
			"from": [-3, 1, -1],
			"to": [5, 9, -1],
			"rotation": {"angle": 0, "axis": "y", "origin": [8, 8, 8]},
			"faces": {
				"north": {"uv": [10, 0, 12, 2], "texture": "#base"},
				"south": {"uv": [12, 0, 10, 2], "texture": "#base"}
			}
		},
		{
			"name": "glass",
			"from": [11, 1, -1],
			"to": [19, 9, -1],
			"rotation": {"angle": 0, "axis": "y", "origin": [8, 8, 8]},
			"faces": {
				"north": {"uv": [8, 0, 10, 2], "texture": "#base"},
				"south": {"uv": [10, 0, 8, 2], "texture": "#base"}
			}
		}
	],
	"gui_light": "front",
	"display": {
		"thirdperson_righthand": {
			"rotation": [39, 36, 28],
			"translation": [-1.75, 3.5, 0],
			"scale": [0.3, 0.3, 0.3]
		},
		"thirdperson_lefthand": {
			"rotation": [39, 36, 28],
			"translation": [-1.75, 3.5, 0],
			"scale": [0.3, 0.3, 0.3]
		},
		"firstperson_righthand": {
			"rotation": [-165, 40, 155],
			"translation": [4, -2, -12.5],
			"scale": [0.5, 0.5, 0.5]
		},
		"firstperson_lefthand": {
			"rotation": [-165, 40, 155],
			"translation": [4, -2, -12.5],
			"scale": [0.5, 0.5, 0.5]
		},
		"ground": {
			"translation": [0, 6, 0],
			"scale": [0.3, 0.3, 0.3]
		},
		"gui": {
			"rotation": [30, 135, 0],
			"translation": [0, 3.75, 0],
			"scale": [0.425, 0.425, 0.425]
		},
		"head": {
			"rotation": [25, 1, 1],
			"translation": [0, 6.5, 0.5],
			"scale": [0.8, 0.8, 0.8]
		}
	}
}