{
	"credit": "Made with Blockbench",
	"textures": {
		"0": "block/custom/sstraw",
		"1": "block/custom/red",
		"particle": "block/custom/sstraw"
	},
	"elements": [
		{
			"from": [13, 0, 0],
			"to": [16, 1, 16],
			"faces": {
				"north": {"uv": [0, 0, 3, 1], "texture": "#0"},
				"east": {"uv": [0, 0, 16, 1], "texture": "#0"},
				"south": {"uv": [0, 0, 3, 1], "texture": "#0"},
				"west": {"uv": [0, 0, 16, 1], "texture": "#0"},
				"up": {"uv": [0, 0, 3, 16], "texture": "#0"},
				"down": {"uv": [0, 0, 3, 16], "texture": "#0"}
			}
		},
		{
			"from": [0, 0, 0],
			"to": [3, 1, 16],
			"faces": {
				"north": {"uv": [0, 0, 3, 1], "texture": "#0"},
				"east": {"uv": [0, 0, 16, 1], "texture": "#0"},
				"south": {"uv": [0, 0, 3, 1], "texture": "#0"},
				"west": {"uv": [0, 0, 16, 1], "texture": "#0"},
				"up": {"uv": [0, 0, 3, 16], "texture": "#0"},
				"down": {"uv": [0, 0, 3, 16], "texture": "#0"}
			}
		},
		{
			"from": [3, 0, 0],
			"to": [13, 1, 3],
			"faces": {
				"north": {"uv": [0, 0, 10, 1], "texture": "#0"},
				"east": {"uv": [0, 0, 3, 1], "texture": "#0"},
				"south": {"uv": [0, 0, 10, 1], "texture": "#0"},
				"west": {"uv": [0, 0, 3, 1], "texture": "#0"},
				"up": {"uv": [0, 0, 3, 10], "rotation": 90, "texture": "#0"},
				"down": {"uv": [0, 0, 3, 10], "rotation": 270, "texture": "#0"}
			}
		},
		{
			"from": [3, 0, 13],
			"to": [13, 1, 16],
			"faces": {
				"north": {"uv": [0, 0, 10, 1], "texture": "#0"},
				"east": {"uv": [0, 0, 3, 1], "texture": "#0"},
				"south": {"uv": [0, 0, 10, 1], "texture": "#0"},
				"west": {"uv": [0, 0, 3, 1], "texture": "#0"},
				"up": {"uv": [0, 0, 3, 10], "rotation": 90, "texture": "#0"},
				"down": {"uv": [0, 0, 3, 10], "rotation": 270, "texture": "#0"}
			}
		},
		{
			"from": [3, 1, 3],
			"to": [13, 7, 13],
			"faces": {
				"north": {"uv": [0, 0, 10, 6], "texture": "#0"},
				"east": {"uv": [0, 0, 10, 6], "texture": "#0"},
				"south": {"uv": [0, 0, 10, 6], "texture": "#0"},
				"west": {"uv": [0, 0, 10, 6], "texture": "#0"},
				"up": {"uv": [0, 0, 10, 10], "texture": "#0"},
				"down": {"uv": [0, 0, 10, 10], "texture": "#missing"}
			}
		},
		{
			"from": [12, 0, -2],
			"to": [15, 1, -1],
			"rotation": {"angle": 0, "axis": "y", "origin": [10, 8, 8]},
			"faces": {
				"north": {"uv": [0, 0, 3, 1], "texture": "#0"},
				"east": {"uv": [0, 0, 1, 1], "texture": "#0"},
				"south": {"uv": [0, 0, 3, 1], "texture": "#0"},
				"west": {"uv": [0, 0, 1, 1], "texture": "#0"},
				"up": {"uv": [0, 0, 3, 1], "texture": "#0"},
				"down": {"uv": [0, 0, 3, 1], "texture": "#0"}
			}
		},
		{
			"from": [11, 0, -1],
			"to": [14, 1, 0],
			"rotation": {"angle": 0, "axis": "y", "origin": [10, 8, 8]},
			"faces": {
				"north": {"uv": [0, 0, 3, 1], "texture": "#0"},
				"east": {"uv": [0, 0, 1, 1], "texture": "#0"},
				"south": {"uv": [0, 0, 3, 1], "texture": "#0"},
				"west": {"uv": [0, 0, 1, 1], "texture": "#0"},
				"up": {"uv": [0, 0, 3, 1], "texture": "#0"},
				"down": {"uv": [0, 0, 3, 1], "texture": "#0"}
			}
		},
		{
			"from": [5, 0, -2],
			"to": [6, 1, -1],
			"faces": {
				"north": {"uv": [0, 0, 1, 1], "texture": "#0"},
				"east": {"uv": [0, 0, 1, 1], "texture": "#0"},
				"south": {"uv": [0, 0, 1, 1], "texture": "#0"},
				"west": {"uv": [0, 0, 1, 1], "texture": "#0"},
				"up": {"uv": [0, 0, 1, 1], "texture": "#0"},
				"down": {"uv": [0, 0, 1, 1], "texture": "#0"}
			}
		},
		{
			"from": [4, 0, -2],
			"to": [5, 1, -1],
			"faces": {
				"north": {"uv": [0, 0, 1, 1], "texture": "#0"},
				"east": {"uv": [0, 0, 1, 1], "texture": "#0"},
				"south": {"uv": [0, 0, 1, 1], "texture": "#0"},
				"west": {"uv": [0, 0, 1, 1], "texture": "#0"},
				"up": {"uv": [0, 0, 1, 1], "texture": "#0"},
				"down": {"uv": [0, 0, 1, 1], "texture": "#0"}
			}
		},
		{
			"from": [3, 0, -1],
			"to": [4, 1, 0],
			"faces": {
				"north": {"uv": [0, 0, 1, 1], "texture": "#0"},
				"east": {"uv": [0, 0, 1, 1], "texture": "#0"},
				"south": {"uv": [0, 0, 1, 1], "texture": "#0"},
				"west": {"uv": [0, 0, 1, 1], "texture": "#0"},
				"up": {"uv": [0, 0, 1, 1], "texture": "#0"},
				"down": {"uv": [0, 0, 1, 1], "texture": "#0"}
			}
		},
		{
			"from": [4, 0, -1],
			"to": [5, 1, 0],
			"faces": {
				"north": {"uv": [0, 0, 1, 1], "texture": "#0"},
				"east": {"uv": [0, 0, 1, 1], "texture": "#0"},
				"south": {"uv": [0, 0, 1, 1], "texture": "#0"},
				"west": {"uv": [0, 0, 1, 1], "texture": "#0"},
				"up": {"uv": [0, 0, 1, 1], "texture": "#0"},
				"down": {"uv": [0, 0, 1, 1], "texture": "#0"}
			}
		},
		{
			"from": [0, 0, -1],
			"to": [2, 1, 0],
			"faces": {
				"north": {"uv": [0, 0, 2, 1], "texture": "#0"},
				"east": {"uv": [0, 0, 1, 1], "texture": "#0"},
				"south": {"uv": [0, 0, 2, 1], "texture": "#0"},
				"west": {"uv": [0, 0, 1, 1], "texture": "#0"},
				"up": {"uv": [0, 0, 2, 1], "texture": "#0"},
				"down": {"uv": [0, 0, 2, 1], "texture": "#0"}
			}
		},
		{
			"from": [5, 0, -1],
			"to": [6, 1, 0],
			"faces": {
				"north": {"uv": [0, 0, 1, 1], "texture": "#0"},
				"east": {"uv": [0, 0, 1, 1], "texture": "#0"},
				"south": {"uv": [0, 0, 1, 1], "texture": "#0"},
				"west": {"uv": [0, 0, 1, 1], "texture": "#0"},
				"up": {"uv": [0, 0, 1, 1], "texture": "#0"},
				"down": {"uv": [0, 0, 1, 1], "texture": "#0"}
			}
		},
		{
			"from": [10, 0, -1],
			"to": [11, 1, 0],
			"faces": {
				"north": {"uv": [0, 0, 1, 1], "texture": "#0"},
				"east": {"uv": [0, 0, 1, 1], "texture": "#0"},
				"south": {"uv": [0, 0, 1, 1], "texture": "#0"},
				"west": {"uv": [0, 0, 1, 1], "texture": "#0"},
				"up": {"uv": [0, 0, 1, 1], "texture": "#0"},
				"down": {"uv": [0, 0, 1, 1], "texture": "#0"}
			}
		},
		{
			"from": [7, 0, -1],
			"to": [8, 1, 0],
			"faces": {
				"north": {"uv": [0, 0, 1, 1], "texture": "#0"},
				"east": {"uv": [0, 0, 1, 1], "texture": "#0"},
				"south": {"uv": [0, 0, 1, 1], "texture": "#0"},
				"west": {"uv": [0, 0, 1, 1], "texture": "#0"},
				"up": {"uv": [0, 0, 1, 1], "texture": "#0"},
				"down": {"uv": [0, 0, 1, 1], "texture": "#0"}
			}
		},
		{
			"from": [6, 0, -1],
			"to": [7, 1, 0],
			"faces": {
				"north": {"uv": [0, 0, 1, 1], "texture": "#0"},
				"east": {"uv": [0, 0, 1, 1], "texture": "#0"},
				"south": {"uv": [0, 0, 1, 1], "texture": "#0"},
				"west": {"uv": [0, 0, 1, 1], "texture": "#0"},
				"up": {"uv": [0, 0, 1, 1], "texture": "#0"},
				"down": {"uv": [0, 0, 1, 1], "texture": "#0"}
			}
		},
		{
			"from": [15, 0, -1],
			"to": [16, 1, 0],
			"rotation": {"angle": 0, "axis": "y", "origin": [10, 8, 8]},
			"faces": {
				"north": {"uv": [0, 0, 1, 1], "texture": "#0"},
				"east": {"uv": [0, 0, 1, 1], "texture": "#0"},
				"south": {"uv": [0, 0, 1, 1], "texture": "#0"},
				"west": {"uv": [0, 0, 1, 1], "texture": "#0"},
				"up": {"uv": [0, 0, 1, 1], "texture": "#0"},
				"down": {"uv": [0, 0, 1, 1], "texture": "#0"}
			}
		},
		{
			"from": [12, 0, 17],
			"to": [15, 1, 18],
			"rotation": {"angle": 0, "axis": "y", "origin": [10, 8, 8]},
			"faces": {
				"north": {"uv": [3, 0, 6, 1], "texture": "#0"},
				"east": {"uv": [1, 0, 2, 1], "texture": "#0"},
				"south": {"uv": [3, 0, 6, 1], "texture": "#0"},
				"west": {"uv": [1, 0, 2, 1], "texture": "#0"},
				"up": {"uv": [0, 1, 3, 2], "texture": "#0"},
				"down": {"uv": [0, 1, 3, 2], "texture": "#0"}
			}
		},
		{
			"from": [11, 0, 16],
			"to": [14, 1, 17],
			"rotation": {"angle": 0, "axis": "y", "origin": [10, 8, 8]},
			"faces": {
				"north": {"uv": [3, 0, 6, 1], "texture": "#0"},
				"east": {"uv": [1, 0, 2, 1], "texture": "#0"},
				"south": {"uv": [3, 0, 6, 1], "texture": "#0"},
				"west": {"uv": [1, 0, 2, 1], "texture": "#0"},
				"up": {"uv": [0, 1, 3, 2], "texture": "#0"},
				"down": {"uv": [0, 1, 3, 2], "texture": "#0"}
			}
		},
		{
			"from": [5, 0, 17],
			"to": [6, 1, 18],
			"faces": {
				"north": {"uv": [1, 0, 2, 1], "texture": "#0"},
				"east": {"uv": [1, 0, 2, 1], "texture": "#0"},
				"south": {"uv": [1, 0, 2, 1], "texture": "#0"},
				"west": {"uv": [1, 0, 2, 1], "texture": "#0"},
				"up": {"uv": [0, 1, 1, 2], "texture": "#0"},
				"down": {"uv": [0, 1, 1, 2], "texture": "#0"}
			}
		},
		{
			"from": [4, 0, 17],
			"to": [5, 1, 18],
			"faces": {
				"north": {"uv": [1, 0, 2, 1], "texture": "#0"},
				"east": {"uv": [1, 0, 2, 1], "texture": "#0"},
				"south": {"uv": [1, 0, 2, 1], "texture": "#0"},
				"west": {"uv": [1, 0, 2, 1], "texture": "#0"},
				"up": {"uv": [0, 1, 1, 2], "texture": "#0"},
				"down": {"uv": [0, 1, 1, 2], "texture": "#0"}
			}
		},
		{
			"from": [3, 0, 16],
			"to": [4, 1, 17],
			"faces": {
				"north": {"uv": [1, 0, 2, 1], "texture": "#0"},
				"east": {"uv": [1, 0, 2, 1], "texture": "#0"},
				"south": {"uv": [1, 0, 2, 1], "texture": "#0"},
				"west": {"uv": [1, 0, 2, 1], "texture": "#0"},
				"up": {"uv": [0, 1, 1, 2], "texture": "#0"},
				"down": {"uv": [0, 1, 1, 2], "texture": "#0"}
			}
		},
		{
			"from": [0, 0, 16],
			"to": [2, 1, 17],
			"faces": {
				"north": {"uv": [2, 0, 4, 1], "texture": "#0"},
				"east": {"uv": [1, 0, 2, 1], "texture": "#0"},
				"south": {"uv": [2, 0, 4, 1], "texture": "#0"},
				"west": {"uv": [1, 0, 2, 1], "texture": "#0"},
				"up": {"uv": [0, 1, 2, 2], "texture": "#0"},
				"down": {"uv": [0, 1, 2, 2], "texture": "#0"}
			}
		},
		{
			"from": [5, 0, 16],
			"to": [6, 1, 17],
			"faces": {
				"north": {"uv": [1, 0, 2, 1], "texture": "#0"},
				"east": {"uv": [1, 0, 2, 1], "texture": "#0"},
				"south": {"uv": [1, 0, 2, 1], "texture": "#0"},
				"west": {"uv": [1, 0, 2, 1], "texture": "#0"},
				"up": {"uv": [0, 1, 1, 2], "texture": "#0"},
				"down": {"uv": [0, 1, 1, 2], "texture": "#0"}
			}
		},
		{
			"from": [4, 0, 16],
			"to": [5, 1, 17],
			"faces": {
				"north": {"uv": [1, 0, 2, 1], "texture": "#0"},
				"east": {"uv": [1, 0, 2, 1], "texture": "#0"},
				"south": {"uv": [1, 0, 2, 1], "texture": "#0"},
				"west": {"uv": [1, 0, 2, 1], "texture": "#0"},
				"up": {"uv": [0, 1, 1, 2], "texture": "#0"},
				"down": {"uv": [0, 1, 1, 2], "texture": "#0"}
			}
		},
		{
			"from": [10, 0, 16],
			"to": [11, 1, 17],
			"faces": {
				"north": {"uv": [1, 0, 2, 1], "texture": "#0"},
				"east": {"uv": [1, 0, 2, 1], "texture": "#0"},
				"south": {"uv": [1, 0, 2, 1], "texture": "#0"},
				"west": {"uv": [1, 0, 2, 1], "texture": "#0"},
				"up": {"uv": [0, 1, 1, 2], "texture": "#0"},
				"down": {"uv": [0, 1, 1, 2], "texture": "#0"}
			}
		},
		{
			"from": [7, 0, 16],
			"to": [8, 1, 17],
			"faces": {
				"north": {"uv": [1, 0, 2, 1], "texture": "#0"},
				"east": {"uv": [1, 0, 2, 1], "texture": "#0"},
				"south": {"uv": [1, 0, 2, 1], "texture": "#0"},
				"west": {"uv": [1, 0, 2, 1], "texture": "#0"},
				"up": {"uv": [0, 1, 1, 2], "texture": "#0"},
				"down": {"uv": [0, 1, 1, 2], "texture": "#0"}
			}
		},
		{
			"from": [6, 0, 16],
			"to": [7, 1, 17],
			"faces": {
				"north": {"uv": [1, 0, 2, 1], "texture": "#0"},
				"east": {"uv": [1, 0, 2, 1], "texture": "#0"},
				"south": {"uv": [1, 0, 2, 1], "texture": "#0"},
				"west": {"uv": [1, 0, 2, 1], "texture": "#0"},
				"up": {"uv": [0, 1, 1, 2], "texture": "#0"},
				"down": {"uv": [0, 1, 1, 2], "texture": "#0"}
			}
		},
		{
			"from": [15, 0, 16],
			"to": [16, 1, 17],
			"rotation": {"angle": 0, "axis": "y", "origin": [10, 8, 8]},
			"faces": {
				"north": {"uv": [1, 0, 2, 1], "texture": "#0"},
				"east": {"uv": [1, 0, 2, 1], "texture": "#0"},
				"south": {"uv": [1, 0, 2, 1], "texture": "#0"},
				"west": {"uv": [1, 0, 2, 1], "texture": "#0"},
				"up": {"uv": [0, 1, 1, 2], "texture": "#0"},
				"down": {"uv": [0, 1, 1, 2], "texture": "#0"}
			}
		},
		{
			"from": [16, 0, 2],
			"to": [17, 1, 5],
			"rotation": {"angle": 0, "axis": "y", "origin": [8, 8, 6]},
			"faces": {
				"north": {"uv": [1, 0, 2, 1], "texture": "#0"},
				"east": {"uv": [3, 0, 6, 1], "texture": "#0"},
				"south": {"uv": [1, 0, 2, 1], "texture": "#0"},
				"west": {"uv": [3, 0, 6, 1], "texture": "#0"},
				"up": {"uv": [0, 1, 3, 2], "rotation": 270, "texture": "#0"},
				"down": {"uv": [0, 1, 3, 2], "rotation": 90, "texture": "#0"}
			}
		},
		{
			"from": [17, 0, 10],
			"to": [18, 1, 11],
			"faces": {
				"north": {"uv": [1, 0, 2, 1], "texture": "#0"},
				"east": {"uv": [1, 0, 2, 1], "texture": "#0"},
				"south": {"uv": [1, 0, 2, 1], "texture": "#0"},
				"west": {"uv": [1, 0, 2, 1], "texture": "#0"},
				"up": {"uv": [0, 1, 1, 2], "rotation": 270, "texture": "#0"},
				"down": {"uv": [0, 1, 1, 2], "rotation": 90, "texture": "#0"}
			}
		},
		{
			"from": [17, 0, 11],
			"to": [18, 1, 12],
			"faces": {
				"north": {"uv": [1, 0, 2, 1], "texture": "#0"},
				"east": {"uv": [1, 0, 2, 1], "texture": "#0"},
				"south": {"uv": [1, 0, 2, 1], "texture": "#0"},
				"west": {"uv": [1, 0, 2, 1], "texture": "#0"},
				"up": {"uv": [0, 1, 1, 2], "rotation": 270, "texture": "#0"},
				"down": {"uv": [0, 1, 1, 2], "rotation": 90, "texture": "#0"}
			}
		},
		{
			"from": [16, 0, 12],
			"to": [17, 1, 13],
			"faces": {
				"north": {"uv": [1, 0, 2, 1], "texture": "#0"},
				"east": {"uv": [1, 0, 2, 1], "texture": "#0"},
				"south": {"uv": [1, 0, 2, 1], "texture": "#0"},
				"west": {"uv": [1, 0, 2, 1], "texture": "#0"},
				"up": {"uv": [0, 1, 1, 2], "rotation": 270, "texture": "#0"},
				"down": {"uv": [0, 1, 1, 2], "rotation": 90, "texture": "#0"}
			}
		},
		{
			"from": [16, 0, 14],
			"to": [17, 1, 16],
			"faces": {
				"north": {"uv": [1, 0, 2, 1], "texture": "#0"},
				"east": {"uv": [2, 0, 4, 1], "texture": "#0"},
				"south": {"uv": [1, 0, 2, 1], "texture": "#0"},
				"west": {"uv": [2, 0, 4, 1], "texture": "#0"},
				"up": {"uv": [0, 1, 2, 2], "rotation": 270, "texture": "#0"},
				"down": {"uv": [0, 1, 2, 2], "rotation": 90, "texture": "#0"}
			}
		},
		{
			"from": [16, 0, 10],
			"to": [17, 1, 11],
			"faces": {
				"north": {"uv": [1, 0, 2, 1], "texture": "#0"},
				"east": {"uv": [1, 0, 2, 1], "texture": "#0"},
				"south": {"uv": [1, 0, 2, 1], "texture": "#0"},
				"west": {"uv": [1, 0, 2, 1], "texture": "#0"},
				"up": {"uv": [0, 1, 1, 2], "rotation": 270, "texture": "#0"},
				"down": {"uv": [0, 1, 1, 2], "rotation": 90, "texture": "#0"}
			}
		},
		{
			"from": [16, 0, 5],
			"to": [17, 1, 6],
			"faces": {
				"north": {"uv": [1, 0, 2, 1], "texture": "#0"},
				"east": {"uv": [1, 0, 2, 1], "texture": "#0"},
				"south": {"uv": [1, 0, 2, 1], "texture": "#0"},
				"west": {"uv": [1, 0, 2, 1], "texture": "#0"},
				"up": {"uv": [0, 1, 1, 2], "rotation": 270, "texture": "#0"},
				"down": {"uv": [0, 1, 1, 2], "rotation": 90, "texture": "#0"}
			}
		},
		{
			"from": [16, 0, 8],
			"to": [17, 1, 9],
			"faces": {
				"north": {"uv": [1, 0, 2, 1], "texture": "#0"},
				"east": {"uv": [1, 0, 2, 1], "texture": "#0"},
				"south": {"uv": [1, 0, 2, 1], "texture": "#0"},
				"west": {"uv": [1, 0, 2, 1], "texture": "#0"},
				"up": {"uv": [0, 1, 1, 2], "rotation": 270, "texture": "#0"},
				"down": {"uv": [0, 1, 1, 2], "rotation": 90, "texture": "#0"}
			}
		},
		{
			"from": [16, 0, 9],
			"to": [17, 1, 10],
			"faces": {
				"north": {"uv": [1, 0, 2, 1], "texture": "#0"},
				"east": {"uv": [1, 0, 2, 1], "texture": "#0"},
				"south": {"uv": [1, 0, 2, 1], "texture": "#0"},
				"west": {"uv": [1, 0, 2, 1], "texture": "#0"},
				"up": {"uv": [0, 1, 1, 2], "rotation": 270, "texture": "#0"},
				"down": {"uv": [0, 1, 1, 2], "rotation": 90, "texture": "#0"}
			}
		},
		{
			"from": [16, 0, 0],
			"to": [17, 1, 1],
			"rotation": {"angle": 0, "axis": "y", "origin": [8, 8, 6]},
			"faces": {
				"north": {"uv": [1, 0, 2, 1], "texture": "#0"},
				"east": {"uv": [1, 0, 2, 1], "texture": "#0"},
				"south": {"uv": [1, 0, 2, 1], "texture": "#0"},
				"west": {"uv": [1, 0, 2, 1], "texture": "#0"},
				"up": {"uv": [0, 1, 1, 2], "rotation": 270, "texture": "#0"},
				"down": {"uv": [0, 1, 1, 2], "rotation": 90, "texture": "#0"}
			}
		},
		{
			"from": [-1, 0, 11],
			"to": [0, 1, 14],
			"rotation": {"angle": 0, "axis": "y", "origin": [8, 8, 10]},
			"faces": {
				"north": {"uv": [1, 0, 2, 1], "texture": "#0"},
				"east": {"uv": [3, 0, 6, 1], "texture": "#0"},
				"south": {"uv": [1, 0, 2, 1], "texture": "#0"},
				"west": {"uv": [3, 0, 6, 1], "texture": "#0"},
				"up": {"uv": [0, 1, 3, 2], "rotation": 90, "texture": "#0"},
				"down": {"uv": [0, 1, 3, 2], "rotation": 270, "texture": "#0"}
			}
		},
		{
			"from": [-2, 0, 5],
			"to": [-1, 1, 6],
			"faces": {
				"north": {"uv": [1, 0, 2, 1], "texture": "#0"},
				"east": {"uv": [1, 0, 2, 1], "texture": "#0"},
				"south": {"uv": [1, 0, 2, 1], "texture": "#0"},
				"west": {"uv": [1, 0, 2, 1], "texture": "#0"},
				"up": {"uv": [0, 1, 1, 2], "rotation": 90, "texture": "#0"},
				"down": {"uv": [0, 1, 1, 2], "rotation": 270, "texture": "#0"}
			}
		},
		{
			"from": [-2, 0, 4],
			"to": [-1, 1, 5],
			"faces": {
				"north": {"uv": [1, 0, 2, 1], "texture": "#0"},
				"east": {"uv": [1, 0, 2, 1], "texture": "#0"},
				"south": {"uv": [1, 0, 2, 1], "texture": "#0"},
				"west": {"uv": [1, 0, 2, 1], "texture": "#0"},
				"up": {"uv": [0, 1, 1, 2], "rotation": 90, "texture": "#0"},
				"down": {"uv": [0, 1, 1, 2], "rotation": 270, "texture": "#0"}
			}
		},
		{
			"from": [-1, 0, 3],
			"to": [0, 1, 4],
			"faces": {
				"north": {"uv": [1, 0, 2, 1], "texture": "#0"},
				"east": {"uv": [1, 0, 2, 1], "texture": "#0"},
				"south": {"uv": [1, 0, 2, 1], "texture": "#0"},
				"west": {"uv": [1, 0, 2, 1], "texture": "#0"},
				"up": {"uv": [0, 1, 1, 2], "rotation": 90, "texture": "#0"},
				"down": {"uv": [0, 1, 1, 2], "rotation": 270, "texture": "#0"}
			}
		},
		{
			"from": [-1, 0, 0],
			"to": [0, 1, 2],
			"faces": {
				"north": {"uv": [1, 0, 2, 1], "texture": "#0"},
				"east": {"uv": [2, 0, 4, 1], "texture": "#0"},
				"south": {"uv": [1, 0, 2, 1], "texture": "#0"},
				"west": {"uv": [2, 0, 4, 1], "texture": "#0"},
				"up": {"uv": [0, 1, 2, 2], "rotation": 90, "texture": "#0"},
				"down": {"uv": [0, 1, 2, 2], "rotation": 270, "texture": "#0"}
			}
		},
		{
			"from": [-1, 0, 5],
			"to": [0, 1, 6],
			"faces": {
				"north": {"uv": [1, 0, 2, 1], "texture": "#0"},
				"east": {"uv": [1, 0, 2, 1], "texture": "#0"},
				"south": {"uv": [1, 0, 2, 1], "texture": "#0"},
				"west": {"uv": [1, 0, 2, 1], "texture": "#0"},
				"up": {"uv": [0, 1, 1, 2], "rotation": 90, "texture": "#0"},
				"down": {"uv": [0, 1, 1, 2], "rotation": 270, "texture": "#0"}
			}
		},
		{
			"from": [-1, 0, 10],
			"to": [0, 1, 11],
			"faces": {
				"north": {"uv": [1, 0, 2, 1], "texture": "#0"},
				"east": {"uv": [1, 0, 2, 1], "texture": "#0"},
				"south": {"uv": [1, 0, 2, 1], "texture": "#0"},
				"west": {"uv": [1, 0, 2, 1], "texture": "#0"},
				"up": {"uv": [0, 1, 1, 2], "rotation": 90, "texture": "#0"},
				"down": {"uv": [0, 1, 1, 2], "rotation": 270, "texture": "#0"}
			}
		},
		{
			"from": [-1, 0, 7],
			"to": [0, 1, 8],
			"faces": {
				"north": {"uv": [1, 0, 2, 1], "texture": "#0"},
				"east": {"uv": [1, 0, 2, 1], "texture": "#0"},
				"south": {"uv": [1, 0, 2, 1], "texture": "#0"},
				"west": {"uv": [1, 0, 2, 1], "texture": "#0"},
				"up": {"uv": [0, 1, 1, 2], "rotation": 90, "texture": "#0"},
				"down": {"uv": [0, 1, 1, 2], "rotation": 270, "texture": "#0"}
			}
		},
		{
			"from": [-1, 0, 6],
			"to": [0, 1, 7],
			"faces": {
				"north": {"uv": [1, 0, 2, 1], "texture": "#0"},
				"east": {"uv": [1, 0, 2, 1], "texture": "#0"},
				"south": {"uv": [1, 0, 2, 1], "texture": "#0"},
				"west": {"uv": [1, 0, 2, 1], "texture": "#0"},
				"up": {"uv": [0, 1, 1, 2], "rotation": 90, "texture": "#0"},
				"down": {"uv": [0, 1, 1, 2], "rotation": 270, "texture": "#0"}
			}
		},
		{
			"from": [-1, 0, 15],
			"to": [0, 1, 16],
			"rotation": {"angle": 0, "axis": "y", "origin": [8, 8, 10]},
			"faces": {
				"north": {"uv": [1, 0, 2, 1], "texture": "#0"},
				"east": {"uv": [1, 0, 2, 1], "texture": "#0"},
				"south": {"uv": [1, 0, 2, 1], "texture": "#0"},
				"west": {"uv": [1, 0, 2, 1], "texture": "#0"},
				"up": {"uv": [0, 1, 1, 2], "rotation": 90, "texture": "#0"},
				"down": {"uv": [0, 1, 1, 2], "rotation": 270, "texture": "#0"}
			}
		},
		{
			"from": [13, 2, 2.8],
			"to": [13.2, 3, 13.2],
			"faces": {
				"north": {"uv": [0, 0, 0.2, 1], "texture": "#1"},
				"east": {"uv": [0, 0, 10.4, 1], "texture": "#1"},
				"south": {"uv": [0, 0, 0.2, 1], "texture": "#1"},
				"west": {"uv": [0, 0, 10.4, 1], "texture": "#1"},
				"up": {"uv": [0, 0, 0.2, 10.4], "texture": "#1"},
				"down": {"uv": [0, 0, 0.2, 10.4], "texture": "#1"}
			}
		},
		{
			"from": [2.8, 2, 2.8],
			"to": [3, 3, 13.2],
			"faces": {
				"north": {"uv": [0, 0, 0.2, 1], "texture": "#1"},
				"east": {"uv": [0, 0, 10.4, 1], "texture": "#1"},
				"south": {"uv": [0, 0, 0.2, 1], "texture": "#1"},
				"west": {"uv": [0, 0, 10.4, 1], "texture": "#1"},
				"up": {"uv": [0, 0, 0.2, 10.4], "texture": "#1"},
				"down": {"uv": [0, 0, 0.2, 10.4], "texture": "#1"}
			}
		},
		{
			"from": [3, 2, 13],
			"to": [13, 3, 13.2],
			"faces": {
				"north": {"uv": [0, 0, 10, 1], "texture": "#1"},
				"east": {"uv": [0, 0, 0.2, 1], "texture": "#1"},
				"south": {"uv": [0, 0, 10, 1], "texture": "#1"},
				"west": {"uv": [0, 0, 0.2, 1], "texture": "#1"},
				"up": {"uv": [0, 0, 0.2, 10], "rotation": 90, "texture": "#1"},
				"down": {"uv": [0, 0, 0.2, 10], "rotation": 270, "texture": "#1"}
			}
		},
		{
			"from": [3, 2, 2.8],
			"to": [13, 3, 3],
			"faces": {
				"north": {"uv": [6, 0, 16, 1], "texture": "#1"},
				"east": {"uv": [1, 0, 1.2, 1], "texture": "#1"},
				"south": {"uv": [6, 0, 16, 1], "texture": "#1"},
				"west": {"uv": [1, 0, 1.2, 1], "texture": "#1"},
				"up": {"uv": [1, 0, 1.2, 10], "rotation": 270, "texture": "#1"},
				"down": {"uv": [1, 0, 1.2, 10], "rotation": 90, "texture": "#1"}
			}
		}
	],
	"display": {
		"thirdperson_righthand": {
			"rotation": [90, 0, 0],
			"translation": [-6, -1.75, 23],
			"scale": [0.82, 0.82, 0.82]
		},
		"thirdperson_lefthand": {
			"translation": [0, 3.25, 0],
			"scale": [0.45, 0.45, 0.45]
		},
		"firstperson_righthand": {
			"translation": [6.5, 7, -7.5]
		},
		"ground": {
			"translation": [0, 2.75, 0]
		},
		"gui": {
			"rotation": [21, -45, 0],
			"translation": [0, 2.75, 0],
			"scale": [0.67, 0.67, 0.67]
		},
		"head": {
			"rotation": [9.5, 0, 0],
			"translation": [0, 13, 1.7],
			"scale": [1.4, 1.4, 1.41]
		},
		"fixed": {
			"rotation": [-82, -1, 0],
			"translation": [0.25, 0, -8.5]
		}
	},
	"groups": [0, 1, 2, 3, 4,
		{
			"name": "group",
			"origin": [8, 8, 8],
			"children": [5, 6, 7, 8, 9, 10, 11, 12, 13, 14, 15, 16]
		},
		{
			"name": "group",
			"origin": [8, 8, 8],
			"children": [17, 18, 19, 20, 21, 22, 23, 24, 25, 26, 27, 28]
		},
		{
			"name": "group",
			"origin": [8, 8, 8],
			"children": [29, 30, 31, 32, 33, 34, 35, 36, 37, 38]
		},
		{
			"name": "group",
			"origin": [8, 8, 8],
			"children": [39, 40, 41, 42, 43, 44, 45, 46, 47, 48]
		},
		{
			"name": "group",
			"origin": [8, 8, 8],
			"children": [49, 50, 51, 52]
		}
	]
}